Sample	Query	Marker	Start_pos	End_pos	Taxonomy	Abundance	iNode	E-value	LWR	EvoDist	Distances	Function
SI072_100m_pe	k147_174999_2	XmoA	1	210	r__Root; d__Bacteria; p__Proteobacteria; c__Betaproteobacteria; o__Nitrosomonadales; f__Nitrosomonadaceae; g__Nitrosospira	12421.454324944074	22	1.2e-98	1.0	0.1124	0.0505,0.0619,0.0	AmoA_AOB
SI072_100m_pe	k147_663727_2	XmoA	1	76	r__Root; d__Bacteria; p__Proteobacteria; c__Gammaproteobacteria; o__Methylococcales; f__Methylomonadaceae; g__OPU3-GD-OMZ; s__OPU3-GD-OMZ sp001901525	1055.896943796899	89	2.3e-37	1.0	0.0279	0.0278,0.0001,0.0	Unknown
SI072_100m_pe	k147_348694_2	XmoA	1	106	r__Root; d__Bacteria; p__Proteobacteria; c__Betaproteobacteria; o__Nitrosomonadales; f__Nitrosomonadaceae; g__Nitrosospira	9850.30014299761	22	8.7e-44	0.811625242	0.1203	0.0448,0.0754,0.0	AmoA_AOB
SI072_100m_pe	k147_475652_2	XmoA	1	76	r__Root; d__Bacteria; p__Proteobacteria; c__Gammaproteobacteria; o__Methylococcales; f__Methylomonadaceae; g__OPU3-GD-OMZ; s__OPU3-GD-OMZ sp001901525	0.0	89	1.4e-36	1.0	0.0002	0.0001,0.0001,0.0	Unknown
SI072_100m_pe	k147_240226_3	XmoA	1	210	r__Root; d__Bacteria; p__Proteobacteria; c__Betaproteobacteria; o__Nitrosomonadales; f__Nitrosomonadaceae; g__Nitrosospira	10771.051302748709	22	1.2e-98	1.0	0.1124	0.0505,0.0619,0.0	AmoA_AOB
SI072_100m_pe	k147_77634_1	XmoA	1	199	r__Root	0.0	103	1.8e-106	1.0	0.0402	0.0088,0.0314,0.0	Unknown
SI072_100m_pe	k147_63191_1	XmoA	1	88	r__Root	0.0	103	7.4e-45	1.0	0.0506	0.0241,0.0265,0.0	Unknown
SI072_100m_pe	k147_73233_2	XmoA	1	63	r__Root; d__Bacteria; p__Proteobacteria; c__Betaproteobacteria; o__Nitrosomonadales; f__Nitrosomonadaceae; g__Nitrosospira; s__Nitrosospira multiformis	0.0	22	1.1e-27	0.5384223024	0.0581	0.0172,0.0409,0.0	AmoA_AOB
SI072_100m_pe	k147_115513_6	XmoA	6	253	r__Root; d__Bacteria; p__Proteobacteria; c__Betaproteobacteria; o__Nitrosomonadales; f__Nitrosomonadaceae; g__Nitrosospira	16510.301941589598	22	1.5e-109	1.0	0.1115	0.043,0.0685,0.0	AmoA_AOB
SI072_100m_pe	k147_38346_11	XmoA	1	247	r__Root; d__Bacteria; p__Proteobacteria; c__Gammaproteobacteria; o__Methylococcales; f__Methylomonadaceae; g__OPU3-GD-OMZ; s__OPU3-GD-OMZ sp001901525	1639.1948522653472	89	7.8e-125	1.0	0.0037	0.0036,0.0001,0.0	Unknown
SI072_100m_pe	k147_218723_3	XmoA	1	247	r__Root; d__Bacteria; p__Proteobacteria; c__Gammaproteobacteria; o__Methylococcales; f__Methylomonadaceae; g__OPU3-GD-OMZ; s__OPU3-GD-OMZ sp001901525	3114.47021930416	89	7.8e-125	1.0	0.0037	0.0036,0.0001,0.0	Unknown
SI072_100m_pe	k147_277768_4	XmoA	1	247	r__Root	0.0	103	5.3e-126	1.0	0.0367	0.011,0.0256,0.0	Unknown
SI072_100m_pe	k147_222487_2	XmoA	4	131	r__Root; d__Bacteria; p__Proteobacteria; c__Gammaproteobacteria; o__Methylococcales; f__Methylococcaceae	0.0	35	8.2e-54	0.7578663371	0.1462	0.0061,0.0574,0.0826	Unknown
SI072_100m_pe	k147_314425_5	XmoA	1	181	r__Root; d__Bacteria; p__Proteobacteria; c__Gammaproteobacteria; o__Methylococcales; f__Methylomonadaceae; g__OPU3-GD-OMZ; s__OPU3-GD-OMZ sp001901525	2021.3717736222397	89	9.3e-89	1.0	0.0139	0.0001,0.0138,0.0	Unknown
SI072_100m_pe	k147_519870_3	XmoA	6	253	r__Root; d__Bacteria; p__Proteobacteria; c__Betaproteobacteria; o__Nitrosomonadales; f__Nitrosomonadaceae; g__Nitrosospira	18344.779935099552	22	1.5e-109	1.0	0.1115	0.043,0.0685,0.0	AmoA_AOB
SI072_100m_pe	k147_15305_2	XmoA	1	247	r__Root; d__Bacteria; p__Proteobacteria; c__Gammaproteobacteria; o__Methylococcales; f__Methylomonadaceae; g__OPU3-GD-OMZ; s__OPU3-GD-OMZ sp001901525	3852.1079028235654	89	7.8e-125	1.0	0.0037	0.0036,0.0001,0.0	Unknown
SI072_100m_pe	k147_449783_3	XmoA	1	247	r__Root; d__Bacteria; p__Proteobacteria; c__Gammaproteobacteria; o__Methylococcales; f__Methylomonadaceae; g__OPU3-GD-OMZ; s__OPU3-GD-OMZ sp001901525	2376.8325357847534	89	5e-125	1.0	0.0002	0.0001,0.0001,0.0	Unknown
SI072_100m_pe	k147_299367_1	XmoA	6	253	r__Root; d__Bacteria; p__Proteobacteria; c__Betaproteobacteria; o__Nitrosomonadales; f__Nitrosomonadaceae; g__Nitrosospira	17977.88433639756	22	1.5e-109	1.0	0.1115	0.043,0.0685,0.0	AmoA_AOB
SI072_100m_pe	k147_454285_2	XmoA	1	247	r__Root; d__Bacteria; p__Proteobacteria; c__Gammaproteobacteria; o__Methylococcales; f__Methylomonadaceae; g__OPU3-GD-OMZ; s__OPU3-GD-OMZ sp001901525	3360.3494471439617	89	4e-125	1.0	0.0187	0.01,0.0087,0.0	Unknown
SI072_100m_pe	k147_372277_2	XmoA	1	159	r__Root	0.0	103	1.1e-77	1.0	0.0349	0.0095,0.0254,0.0	Unknown
SI072_10m_pe	k147_174999_2	XmoA	1	210	r__Root; d__Bacteria; p__Proteobacteria; c__Betaproteobacteria; o__Nitrosomonadales; f__Nitrosomonadaceae; g__Nitrosospira	0.0	22	1.2e-98	1.0	0.1124	0.0505,0.0619,0.0	AmoA_AOB
SI072_10m_pe	k147_663727_2	XmoA	1	76	r__Root; d__Bacteria; p__Proteobacteria; c__Gammaproteobacteria; o__Methylococcales; f__Methylomonadaceae; g__OPU3-GD-OMZ; s__OPU3-GD-OMZ sp001901525	0.0	89	2.3e-37	1.0	0.0279	0.0278,0.0001,0.0	Unknown
SI072_10m_pe	k147_348694_2	XmoA	1	106	r__Root; d__Bacteria; p__Proteobacteria; c__Betaproteobacteria; o__Nitrosomonadales; f__Nitrosomonadaceae; g__Nitrosospira	0.0	22	8.7e-44	0.811625242	0.1203	0.0448,0.0754,0.0	AmoA_AOB
SI072_10m_pe	k147_475652_2	XmoA	1	76	r__Root; d__Bacteria; p__Proteobacteria; c__Gammaproteobacteria; o__Methylococcales; f__Methylomonadaceae; g__OPU3-GD-OMZ; s__OPU3-GD-OMZ sp001901525	0.0	89	1.4e-36	1.0	0.0002	0.0001,0.0001,0.0	Unknown
SI072_10m_pe	k147_240226_3	XmoA	1	210	r__Root; d__Bacteria; p__Proteobacteria; c__Betaproteobacteria; o__Nitrosomonadales; f__Nitrosomonadaceae; g__Nitrosospira	0.0	22	1.2e-98	1.0	0.1124	0.0505,0.0619,0.0	AmoA_AOB
SI072_10m_pe	k147_77634_1	XmoA	1	199	r__Root	0.0	103	1.8e-106	1.0	0.0402	0.0088,0.0314,0.0	Unknown
SI072_10m_pe	k147_63191_1	XmoA	1	88	r__Root	0.0	103	7.4e-45	1.0	0.0506	0.0241,0.0265,0.0	Unknown
SI072_10m_pe	k147_73233_2	XmoA	1	63	r__Root; d__Bacteria; p__Proteobacteria; c__Betaproteobacteria; o__Nitrosomonadales; f__Nitrosomonadaceae; g__Nitrosospira; s__Nitrosospira multiformis	0.0	22	1.1e-27	0.5384223024	0.0581	0.0172,0.0409,0.0	AmoA_AOB
SI072_10m_pe	k147_115513_6	XmoA	6	253	r__Root; d__Bacteria; p__Proteobacteria; c__Betaproteobacteria; o__Nitrosomonadales; f__Nitrosomonadaceae; g__Nitrosospira	54663.21756517719	22	1.5e-109	1.0	0.1115	0.043,0.0685,0.0	AmoA_AOB
SI072_10m_pe	k147_38346_11	XmoA	1	247	r__Root; d__Bacteria; p__Proteobacteria; c__Gammaproteobacteria; o__Methylococcales; f__Methylomonadaceae; g__OPU3-GD-OMZ; s__OPU3-GD-OMZ sp001901525	0.0	89	7.8e-125	1.0	0.0037	0.0036,0.0001,0.0	Unknown
SI072_10m_pe	k147_218723_3	XmoA	1	247	r__Root; d__Bacteria; p__Proteobacteria; c__Gammaproteobacteria; o__Methylococcales; f__Methylomonadaceae; g__OPU3-GD-OMZ; s__OPU3-GD-OMZ sp001901525	0.0	89	7.8e-125	1.0	0.0037	0.0036,0.0001,0.0	Unknown
SI072_10m_pe	k147_277768_4	XmoA	1	247	r__Root	0.0	103	5.3e-126	1.0	0.0367	0.011,0.0256,0.0	Unknown
SI072_10m_pe	k147_222487_2	XmoA	4	131	r__Root; d__Bacteria; p__Proteobacteria; c__Gammaproteobacteria; o__Methylococcales; f__Methylococcaceae	0.0	35	8.2e-54	0.7578663371	0.1462	0.0061,0.0574,0.0826	Unknown
SI072_10m_pe	k147_314425_5	XmoA	1	181	r__Root; d__Bacteria; p__Proteobacteria; c__Gammaproteobacteria; o__Methylococcales; f__Methylomonadaceae; g__OPU3-GD-OMZ; s__OPU3-GD-OMZ sp001901525	0.0	89	9.3e-89	1.0	0.0139	0.0001,0.0138,0.0	Unknown
SI072_10m_pe	k147_519870_3	XmoA	6	253	r__Root; d__Bacteria; p__Proteobacteria; c__Betaproteobacteria; o__Nitrosomonadales; f__Nitrosomonadaceae; g__Nitrosospira	0.0	22	1.5e-109	1.0	0.1115	0.043,0.0685,0.0	AmoA_AOB
SI072_10m_pe	k147_15305_2	XmoA	1	247	r__Root; d__Bacteria; p__Proteobacteria; c__Gammaproteobacteria; o__Methylococcales; f__Methylomonadaceae; g__OPU3-GD-OMZ; s__OPU3-GD-OMZ sp001901525	0.0	89	7.8e-125	1.0	0.0037	0.0036,0.0001,0.0	Unknown
SI072_10m_pe	k147_449783_3	XmoA	1	247	r__Root; d__Bacteria; p__Proteobacteria; c__Gammaproteobacteria; o__Methylococcales; f__Methylomonadaceae; g__OPU3-GD-OMZ; s__OPU3-GD-OMZ sp001901525	0.0	89	5e-125	1.0	0.0002	0.0001,0.0001,0.0	Unknown
SI072_10m_pe	k147_299367_1	XmoA	6	253	r__Root; d__Bacteria; p__Proteobacteria; c__Betaproteobacteria; o__Nitrosomonadales; f__Nitrosomonadaceae; g__Nitrosospira	63773.75382604006	22	1.5e-109	1.0	0.1115	0.043,0.0685,0.0	AmoA_AOB
SI072_10m_pe	k147_454285_2	XmoA	1	247	r__Root; d__Bacteria; p__Proteobacteria; c__Gammaproteobacteria; o__Methylococcales; f__Methylomonadaceae; g__OPU3-GD-OMZ; s__OPU3-GD-OMZ sp001901525	0.0	89	4e-125	1.0	0.0187	0.01,0.0087,0.0	Unknown
SI072_10m_pe	k147_372277_2	XmoA	1	159	r__Root	0.0	103	1.1e-77	1.0	0.0349	0.0095,0.0254,0.0	Unknown
SI072_120m_pe	k147_174999_2	XmoA	1	210	r__Root; d__Bacteria; p__Proteobacteria; c__Betaproteobacteria; o__Nitrosomonadales; f__Nitrosomonadaceae; g__Nitrosospira	5820.745568003328	22	1.2e-98	1.0	0.1124	0.0505,0.0619,0.0	AmoA_AOB
SI072_120m_pe	k147_663727_2	XmoA	1	76	r__Root; d__Bacteria; p__Proteobacteria; c__Gammaproteobacteria; o__Methylococcales; f__Methylomonadaceae; g__OPU3-GD-OMZ; s__OPU3-GD-OMZ sp001901525	2381.2140960013617	89	2.3e-37	1.0	0.0279	0.0278,0.0001,0.0	Unknown
SI072_120m_pe	k147_348694_2	XmoA	1	106	r__Root; d__Bacteria; p__Proteobacteria; c__Betaproteobacteria; o__Nitrosomonadales; f__Nitrosomonadaceae; g__Nitrosospira	4231.234278279343	22	8.7e-44	0.811625242	0.1203	0.0448,0.0754,0.0	AmoA_AOB
SI072_120m_pe	k147_475652_2	XmoA	1	76	r__Root; d__Bacteria; p__Proteobacteria; c__Gammaproteobacteria; o__Methylococcales; f__Methylomonadaceae; g__OPU3-GD-OMZ; s__OPU3-GD-OMZ sp001901525	680.3468845718177	89	1.4e-36	1.0	0.0002	0.0001,0.0001,0.0	Unknown
SI072_120m_pe	k147_240226_3	XmoA	1	210	r__Root; d__Bacteria; p__Proteobacteria; c__Betaproteobacteria; o__Nitrosomonadales; f__Nitrosomonadaceae; g__Nitrosospira	8059.493863389224	22	1.2e-98	1.0	0.1124	0.0505,0.0619,0.0	AmoA_AOB
SI072_120m_pe	k147_77634_1	XmoA	1	199	r__Root	0.0	103	1.8e-106	1.0	0.0402	0.0088,0.0314,0.0	Unknown
SI072_120m_pe	k147_63191_1	XmoA	1	88	r__Root	575.6781330992303	103	7.4e-45	1.0	0.0506	0.0241,0.0265,0.0	Unknown
SI072_120m_pe	k147_73233_2	XmoA	1	63	r__Root; d__Bacteria; p__Proteobacteria; c__Betaproteobacteria; o__Nitrosomonadales; f__Nitrosomonadaceae; g__Nitrosospira; s__Nitrosospira multiformis	831.5350811433327	22	1.1e-27	0.5384223024	0.0581	0.0172,0.0409,0.0	AmoA_AOB
SI072_120m_pe	k147_115513_6	XmoA	6	253	r__Root; d__Bacteria; p__Proteobacteria; c__Betaproteobacteria; o__Nitrosomonadales; f__Nitrosomonadaceae; g__Nitrosospira	12009.227769364268	22	1.5e-109	1.0	0.1115	0.043,0.0685,0.0	AmoA_AOB
SI072_120m_pe	k147_38346_11	XmoA	1	247	r__Root; d__Bacteria; p__Proteobacteria; c__Gammaproteobacteria; o__Methylococcales; f__Methylomonadaceae; g__OPU3-GD-OMZ; s__OPU3-GD-OMZ sp001901525	5069.681623744835	89	7.8e-125	1.0	0.0037	0.0036,0.0001,0.0	Unknown
SI072_120m_pe	k147_218723_3	XmoA	1	247	r__Root; d__Bacteria; p__Proteobacteria; c__Gammaproteobacteria; o__Methylococcales; f__Methylomonadaceae; g__OPU3-GD-OMZ; s__OPU3-GD-OMZ sp001901525	2957.3142805178204	89	7.8e-125	1.0	0.0037	0.0036,0.0001,0.0	Unknown
SI072_120m_pe	k147_277768_4	XmoA	1	247	r__Root	0.0	103	5.3e-126	1.0	0.0367	0.011,0.0256,0.0	Unknown
SI072_120m_pe	k147_222487_2	XmoA	4	131	r__Root; d__Bacteria; p__Proteobacteria; c__Gammaproteobacteria; o__Methylococcales; f__Methylococcaceae	3599.0869542616	35	8.2e-54	0.7578663371	0.1462	0.0061,0.0574,0.0826	Unknown
SI072_120m_pe	k147_314425_5	XmoA	1	181	r__Root; d__Bacteria; p__Proteobacteria; c__Gammaproteobacteria; o__Methylococcales; f__Methylomonadaceae; g__OPU3-GD-OMZ; s__OPU3-GD-OMZ sp001901525	1157.7173505420985	89	9.3e-89	1.0	0.0139	0.0001,0.0138,0.0	Unknown
SI072_120m_pe	k147_519870_3	XmoA	6	253	r__Root; d__Bacteria; p__Proteobacteria; c__Betaproteobacteria; o__Nitrosomonadales; f__Nitrosomonadaceae; g__Nitrosospira	10212.571646388511	22	1.5e-109	1.0	0.1115	0.043,0.0685,0.0	AmoA_AOB
SI072_120m_pe	k147_15305_2	XmoA	1	247	r__Root; d__Bacteria; p__Proteobacteria; c__Gammaproteobacteria; o__Methylococcales; f__Methylomonadaceae; g__OPU3-GD-OMZ; s__OPU3-GD-OMZ sp001901525	4435.971420776731	89	7.8e-125	1.0	0.0037	0.0036,0.0001,0.0	Unknown
SI072_120m_pe	k147_449783_3	XmoA	1	247	r__Root; d__Bacteria; p__Proteobacteria; c__Gammaproteobacteria; o__Methylococcales; f__Methylomonadaceae; g__OPU3-GD-OMZ; s__OPU3-GD-OMZ sp001901525	2957.3142805178204	89	5e-125	1.0	0.0002	0.0001,0.0001,0.0	Unknown
SI072_120m_pe	k147_299367_1	XmoA	6	253	r__Root; d__Bacteria; p__Proteobacteria; c__Betaproteobacteria; o__Nitrosomonadales; f__Nitrosomonadaceae; g__Nitrosospira	10874.49758643221	22	1.5e-109	1.0	0.1115	0.043,0.0685,0.0	AmoA_AOB
SI072_120m_pe	k147_454285_2	XmoA	1	247	r__Root; d__Bacteria; p__Proteobacteria; c__Gammaproteobacteria; o__Methylococcales; f__Methylomonadaceae; g__OPU3-GD-OMZ; s__OPU3-GD-OMZ sp001901525	3379.7877491632235	89	4e-125	1.0	0.0187	0.01,0.0087,0.0	Unknown
SI072_120m_pe	k147_372277_2	XmoA	1	159	r__Root	988.4284926798108	103	1.1e-77	1.0	0.0349	0.0095,0.0254,0.0	Unknown
SI072_135m_pe	k147_174999_2	XmoA	1	210	r__Root; d__Bacteria; p__Proteobacteria; c__Betaproteobacteria; o__Nitrosomonadales; f__Nitrosomonadaceae; g__Nitrosospira	2819.3398062856845	22	1.2e-98	1.0	0.1124	0.0505,0.0619,0.0	AmoA_AOB
SI072_135m_pe	k147_663727_2	XmoA	1	76	r__Root; d__Bacteria; p__Proteobacteria; c__Gammaproteobacteria; o__Methylococcales; f__Methylomonadaceae; g__OPU3-GD-OMZ; s__OPU3-GD-OMZ sp001901525	2141.9659567235394	89	2.3e-37	1.0	0.0279	0.0278,0.0001,0.0	Unknown
SI072_135m_pe	k147_348694_2	XmoA	1	106	r__Root; d__Bacteria; p__Proteobacteria; c__Betaproteobacteria; o__Nitrosomonadales; f__Nitrosomonadaceae; g__Nitrosospira	2537.405825657116	22	8.7e-44	0.811625242	0.1203	0.0448,0.0754,0.0	AmoA_AOB
SI072_135m_pe	k147_475652_2	XmoA	1	76	r__Root; d__Bacteria; p__Proteobacteria; c__Gammaproteobacteria; o__Methylococcales; f__Methylomonadaceae; g__OPU3-GD-OMZ; s__OPU3-GD-OMZ sp001901525	2753.9562300731222	89	1.4e-36	1.0	0.0002	0.0001,0.0001,0.0	Unknown
SI072_135m_pe	k147_240226_3	XmoA	1	210	r__Root; d__Bacteria; p__Proteobacteria; c__Betaproteobacteria; o__Nitrosomonadales; f__Nitrosomonadaceae; g__Nitrosospira	3423.4840504897597	22	1.2e-98	1.0	0.1124	0.0505,0.0619,0.0	AmoA_AOB
SI072_135m_pe	k147_77634_1	XmoA	1	199	r__Root	1420.801539133202	103	1.8e-106	1.0	0.0402	0.0088,0.0314,0.0	Unknown
SI072_135m_pe	k147_63191_1	XmoA	1	88	r__Root	1294.5948090087327	103	7.4e-45	1.0	0.0506	0.0241,0.0265,0.0	Unknown
SI072_135m_pe	k147_73233_2	XmoA	1	63	r__Root; d__Bacteria; p__Proteobacteria; c__Betaproteobacteria; o__Nitrosomonadales; f__Nitrosomonadaceae; g__Nitrosospira; s__Nitrosospira multiformis	0.0	22	1.1e-27	0.5384223024	0.0581	0.0172,0.0409,0.0	AmoA_AOB
SI072_135m_pe	k147_115513_6	XmoA	6	253	r__Root; d__Bacteria; p__Proteobacteria; c__Betaproteobacteria; o__Nitrosomonadales; f__Nitrosomonadaceae; g__Nitrosospira	5784.081356062122	22	1.5e-109	1.0	0.1115	0.043,0.0685,0.0	AmoA_AOB
SI072_135m_pe	k147_38346_11	XmoA	1	247	r__Root; d__Bacteria; p__Proteobacteria; c__Gammaproteobacteria; o__Methylococcales; f__Methylomonadaceae; g__OPU3-GD-OMZ; s__OPU3-GD-OMZ sp001901525	6460.445708182289	89	7.8e-125	1.0	0.0037	0.0036,0.0001,0.0	Unknown
SI072_135m_pe	k147_218723_3	XmoA	1	247	r__Root; d__Bacteria; p__Proteobacteria; c__Gammaproteobacteria; o__Methylococcales; f__Methylomonadaceae; g__OPU3-GD-OMZ; s__OPU3-GD-OMZ sp001901525	5510.380162861364	89	7.8e-125	1.0	0.0037	0.0036,0.0001,0.0	Unknown
SI072_135m_pe	k147_277768_4	XmoA	1	247	r__Root	1036.711523054193	103	5.3e-126	1.0	0.0367	0.011,0.0256,0.0	Unknown
SI072_135m_pe	k147_222487_2	XmoA	4	131	r__Root; d__Bacteria; p__Proteobacteria; c__Gammaproteobacteria; o__Methylococcales; f__Methylococcaceae	1798.59736824114	35	8.2e-54	0.7578663371	0.1462	0.0061,0.0574,0.0826	Unknown
SI072_135m_pe	k147_314425_5	XmoA	1	181	r__Root; d__Bacteria; p__Proteobacteria; c__Gammaproteobacteria; o__Methylococcales; f__Methylomonadaceae; g__OPU3-GD-OMZ; s__OPU3-GD-OMZ sp001901525	1301.7472665170685	89	9.3e-89	1.0	0.0139	0.0001,0.0138,0.0	Unknown
SI072_135m_pe	k147_519870_3	XmoA	6	253	r__Root; d__Bacteria; p__Proteobacteria; c__Betaproteobacteria; o__Nitrosomonadales; f__Nitrosomonadaceae; g__Nitrosospira	5018.5411765833105	22	1.5e-109	1.0	0.1115	0.043,0.0685,0.0	AmoA_AOB
SI072_135m_pe	k147_15305_2	XmoA	1	247	r__Root; d__Bacteria; p__Proteobacteria; c__Gammaproteobacteria; o__Methylococcales; f__Methylomonadaceae; g__OPU3-GD-OMZ; s__OPU3-GD-OMZ sp001901525	5225.360499265087	89	7.8e-125	1.0	0.0037	0.0036,0.0001,0.0	Unknown
SI072_135m_pe	k147_449783_3	XmoA	1	247	r__Root; d__Bacteria; p__Proteobacteria; c__Gammaproteobacteria; o__Methylococcales; f__Methylomonadaceae; g__OPU3-GD-OMZ; s__OPU3-GD-OMZ sp001901525	5415.3736083292715	89	5e-125	1.0	0.0002	0.0001,0.0001,0.0	Unknown
SI072_135m_pe	k147_299367_1	XmoA	6	253	r__Root; d__Bacteria; p__Proteobacteria; c__Betaproteobacteria; o__Nitrosomonadales; f__Nitrosomonadaceae; g__Nitrosospira	5358.781256351671	22	1.5e-109	1.0	0.1115	0.043,0.0685,0.0	AmoA_AOB
SI072_135m_pe	k147_454285_2	XmoA	1	247	r__Root; d__Bacteria; p__Proteobacteria; c__Gammaproteobacteria; o__Methylococcales; f__Methylomonadaceae; g__OPU3-GD-OMZ; s__OPU3-GD-OMZ sp001901525	3325.2294086232364	89	4e-125	1.0	0.0187	0.01,0.0087,0.0	Unknown
SI072_135m_pe	k147_372277_2	XmoA	1	159	r__Root	740.931620250281	103	1.1e-77	1.0	0.0349	0.0095,0.0254,0.0	Unknown
SI072_150m_pe	k147_174999_2	XmoA	1	210	r__Root; d__Bacteria; p__Proteobacteria; c__Betaproteobacteria; o__Nitrosomonadales; f__Nitrosomonadaceae; g__Nitrosospira	1314.244539573763	22	1.2e-98	1.0	0.1124	0.0505,0.0619,0.0	AmoA_AOB
SI072_150m_pe	k147_663727_2	XmoA	1	76	r__Root; d__Bacteria; p__Proteobacteria; c__Gammaproteobacteria; o__Methylococcales; f__Methylomonadaceae; g__OPU3-GD-OMZ; s__OPU3-GD-OMZ sp001901525	0.0	89	2.3e-37	1.0	0.0279	0.0278,0.0001,0.0	Unknown
SI072_150m_pe	k147_348694_2	XmoA	1	106	r__Root; d__Bacteria; p__Proteobacteria; c__Betaproteobacteria; o__Nitrosomonadales; f__Nitrosomonadaceae; g__Nitrosospira	1290.3491843087854	22	8.7e-44	0.811625242	0.1203	0.0448,0.0754,0.0	AmoA_AOB
SI072_150m_pe	k147_475652_2	XmoA	1	76	r__Root; d__Bacteria; p__Proteobacteria; c__Gammaproteobacteria; o__Methylococcales; f__Methylomonadaceae; g__OPU3-GD-OMZ; s__OPU3-GD-OMZ sp001901525	0.0	89	1.4e-36	1.0	0.0002	0.0001,0.0001,0.0	Unknown
SI072_150m_pe	k147_240226_3	XmoA	1	210	r__Root; d__Bacteria; p__Proteobacteria; c__Betaproteobacteria; o__Nitrosomonadales; f__Nitrosomonadaceae; g__Nitrosospira	1792.1516448733132	22	1.2e-98	1.0	0.1124	0.0505,0.0619,0.0	AmoA_AOB
SI072_150m_pe	k147_77634_1	XmoA	1	199	r__Root	1123.9222375888917	103	1.8e-106	1.0	0.0402	0.0088,0.0314,0.0	Unknown
SI072_150m_pe	k147_63191_1	XmoA	1	88	r__Root	0.0	103	7.4e-45	1.0	0.0506	0.0241,0.0265,0.0	Unknown
SI072_150m_pe	k147_73233_2	XmoA	1	63	r__Root; d__Bacteria; p__Proteobacteria; c__Betaproteobacteria; o__Nitrosomonadales; f__Nitrosomonadaceae; g__Nitrosospira; s__Nitrosospira multiformis	443.7708834924394	22	1.1e-27	0.5384223024	0.0581	0.0172,0.0409,0.0	AmoA_AOB
SI072_150m_pe	k147_115513_6	XmoA	6	253	r__Root; d__Bacteria; p__Proteobacteria; c__Betaproteobacteria; o__Nitrosomonadales; f__Nitrosomonadaceae; g__Nitrosospira	1816.7371187018998	22	1.5e-109	1.0	0.1115	0.043,0.0685,0.0	AmoA_AOB
SI072_150m_pe	k147_38346_11	XmoA	1	247	r__Root; d__Bacteria; p__Proteobacteria; c__Gammaproteobacteria; o__Methylococcales; f__Methylomonadaceae; g__OPU3-GD-OMZ; s__OPU3-GD-OMZ sp001901525	7102.123534602789	89	7.8e-125	1.0	0.0037	0.0036,0.0001,0.0	Unknown
SI072_150m_pe	k147_218723_3	XmoA	1	247	r__Root; d__Bacteria; p__Proteobacteria; c__Gammaproteobacteria; o__Methylococcales; f__Methylomonadaceae; g__OPU3-GD-OMZ; s__OPU3-GD-OMZ sp001901525	6538.462936618442	89	7.8e-125	1.0	0.0037	0.0036,0.0001,0.0	Unknown
SI072_150m_pe	k147_277768_4	XmoA	1	247	r__Root	2683.9263033622733	103	5.3e-126	1.0	0.0367	0.011,0.0256,0.0	Unknown
SI072_150m_pe	k147_222487_2	XmoA	4	131	r__Root; d__Bacteria; p__Proteobacteria; c__Gammaproteobacteria; o__Methylococcales; f__Methylococcaceae	2560.9983810708713	35	8.2e-54	0.7578663371	0.1462	0.0061,0.0574,0.0826	Unknown
SI072_150m_pe	k147_314425_5	XmoA	1	181	r__Root; d__Bacteria; p__Proteobacteria; c__Gammaproteobacteria; o__Methylococcales; f__Methylomonadaceae; g__OPU3-GD-OMZ; s__OPU3-GD-OMZ sp001901525	6024.005860447091	89	9.3e-89	1.0	0.0139	0.0001,0.0138,0.0	Unknown
SI072_150m_pe	k147_519870_3	XmoA	6	253	r__Root; d__Bacteria; p__Proteobacteria; c__Betaproteobacteria; o__Nitrosomonadales; f__Nitrosomonadaceae; g__Nitrosospira	3229.754877692267	22	1.5e-109	1.0	0.1115	0.043,0.0685,0.0	AmoA_AOB
SI072_150m_pe	k147_15305_2	XmoA	1	247	r__Root; d__Bacteria; p__Proteobacteria; c__Gammaproteobacteria; o__Methylococcales; f__Methylomonadaceae; g__OPU3-GD-OMZ; s__OPU3-GD-OMZ sp001901525	7891.248371780879	89	7.8e-125	1.0	0.0037	0.0036,0.0001,0.0	Unknown
SI072_150m_pe	k147_449783_3	XmoA	1	247	r__Root; d__Bacteria; p__Proteobacteria; c__Gammaproteobacteria; o__Methylococcales; f__Methylomonadaceae; g__OPU3-GD-OMZ; s__OPU3-GD-OMZ sp001901525	5749.338099440354	89	5e-125	1.0	0.0002	0.0001,0.0001,0.0	Unknown
SI072_150m_pe	k147_299367_1	XmoA	6	253	r__Root; d__Bacteria; p__Proteobacteria; c__Betaproteobacteria; o__Nitrosomonadales; f__Nitrosomonadaceae; g__Nitrosospira	1614.8774388461336	22	1.5e-109	1.0	0.1115	0.043,0.0685,0.0	AmoA_AOB
SI072_150m_pe	k147_454285_2	XmoA	1	247	r__Root; d__Bacteria; p__Proteobacteria; c__Gammaproteobacteria; o__Methylococcales; f__Methylomonadaceae; g__OPU3-GD-OMZ; s__OPU3-GD-OMZ sp001901525	5298.409621052875	89	4e-125	1.0	0.0187	0.01,0.0087,0.0	Unknown
SI072_150m_pe	k147_372277_2	XmoA	1	159	r__Root	1406.6699703156569	103	1.1e-77	1.0	0.0349	0.0095,0.0254,0.0	Unknown
SI072_165m_pe	k147_174999_2	XmoA	1	210	r__Root; d__Bacteria; p__Proteobacteria; c__Betaproteobacteria; o__Nitrosomonadales; f__Nitrosomonadaceae; g__Nitrosospira	6186.480021380061	22	1.2e-98	1.0	0.1124	0.0505,0.0619,0.0	AmoA_AOB
SI072_165m_pe	k147_663727_2	XmoA	1	76	r__Root; d__Bacteria; p__Proteobacteria; c__Gammaproteobacteria; o__Methylococcales; f__Methylomonadaceae; g__OPU3-GD-OMZ; s__OPU3-GD-OMZ sp001901525	3802.3426017879497	89	2.3e-37	1.0	0.0279	0.0278,0.0001,0.0	Unknown
SI072_165m_pe	k147_348694_2	XmoA	1	106	r__Root; d__Bacteria; p__Proteobacteria; c__Betaproteobacteria; o__Nitrosomonadales; f__Nitrosomonadaceae; g__Nitrosospira	2877.755875113871	22	8.7e-44	0.811625242	0.1203	0.0448,0.0754,0.0	AmoA_AOB
SI072_165m_pe	k147_475652_2	XmoA	1	76	r__Root; d__Bacteria; p__Proteobacteria; c__Gammaproteobacteria; o__Methylococcales; f__Methylomonadaceae; g__OPU3-GD-OMZ; s__OPU3-GD-OMZ sp001901525	1901.1713008939748	89	1.4e-36	1.0	0.0002	0.0001,0.0001,0.0	Unknown
SI072_165m_pe	k147_240226_3	XmoA	1	210	r__Root; d__Bacteria; p__Proteobacteria; c__Betaproteobacteria; o__Nitrosomonadales; f__Nitrosomonadaceae; g__Nitrosospira	3823.105631189924	22	1.2e-98	1.0	0.1124	0.0505,0.0619,0.0	AmoA_AOB
SI072_165m_pe	k147_77634_1	XmoA	1	199	r__Root	0.0	103	1.8e-106	1.0	0.0402	0.0088,0.0314,0.0	Unknown
SI072_165m_pe	k147_63191_1	XmoA	1	88	r__Root	0.0	103	7.4e-45	1.0	0.0506	0.0241,0.0265,0.0	Unknown
SI072_165m_pe	k147_73233_2	XmoA	1	63	r__Root; d__Bacteria; p__Proteobacteria; c__Betaproteobacteria; o__Nitrosomonadales; f__Nitrosomonadaceae; g__Nitrosospira; s__Nitrosospira multiformis	258.1837569115274	22	1.1e-27	0.5384223024	0.0581	0.0172,0.0409,0.0	AmoA_AOB
SI072_165m_pe	k147_115513_6	XmoA	6	253	r__Root; d__Bacteria; p__Proteobacteria; c__Betaproteobacteria; o__Nitrosomonadales; f__Nitrosomonadaceae; g__Nitrosospira	8514.471550132863	22	1.5e-109	1.0	0.1115	0.043,0.0685,0.0	AmoA_AOB
SI072_165m_pe	k147_38346_11	XmoA	1	247	r__Root; d__Bacteria; p__Proteobacteria; c__Gammaproteobacteria; o__Methylococcales; f__Methylomonadaceae; g__OPU3-GD-OMZ; s__OPU3-GD-OMZ sp001901525	4591.09019346708	89	7.8e-125	1.0	0.0037	0.0036,0.0001,0.0	Unknown
SI072_165m_pe	k147_218723_3	XmoA	1	247	r__Root; d__Bacteria; p__Proteobacteria; c__Gammaproteobacteria; o__Methylococcales; f__Methylomonadaceae; g__OPU3-GD-OMZ; s__OPU3-GD-OMZ sp001901525	3213.7631354269556	89	7.8e-125	1.0	0.0037	0.0036,0.0001,0.0	Unknown
SI072_165m_pe	k147_277768_4	XmoA	1	247	r__Root	0.0	103	5.3e-126	1.0	0.0367	0.011,0.0256,0.0	Unknown
SI072_165m_pe	k147_222487_2	XmoA	4	131	r__Root; d__Bacteria; p__Proteobacteria; c__Gammaproteobacteria; o__Methylococcales; f__Methylococcaceae	2979.9529805361026	35	8.2e-54	0.7578663371	0.1462	0.0061,0.0574,0.0826	Unknown
SI072_165m_pe	k147_314425_5	XmoA	1	181	r__Root; d__Bacteria; p__Proteobacteria; c__Gammaproteobacteria; o__Methylococcales; f__Methylomonadaceae; g__OPU3-GD-OMZ; s__OPU3-GD-OMZ sp001901525	5302.038809061588	89	9.3e-89	1.0	0.0139	0.0001,0.0138,0.0	Unknown
SI072_165m_pe	k147_519870_3	XmoA	6	253	r__Root; d__Bacteria; p__Proteobacteria; c__Betaproteobacteria; o__Nitrosomonadales; f__Nitrosomonadaceae; g__Nitrosospira	7751.1051352933655	22	1.5e-109	1.0	0.1115	0.043,0.0685,0.0	AmoA_AOB
SI072_165m_pe	k147_15305_2	XmoA	1	247	r__Root; d__Bacteria; p__Proteobacteria; c__Gammaproteobacteria; o__Methylococcales; f__Methylomonadaceae; g__OPU3-GD-OMZ; s__OPU3-GD-OMZ sp001901525	5640.482237688127	89	7.8e-125	1.0	0.0037	0.0036,0.0001,0.0	Unknown
SI072_165m_pe	k147_449783_3	XmoA	1	247	r__Root; d__Bacteria; p__Proteobacteria; c__Gammaproteobacteria; o__Methylococcales; f__Methylomonadaceae; g__OPU3-GD-OMZ; s__OPU3-GD-OMZ sp001901525	4328.742182411818	89	5e-125	1.0	0.0002	0.0001,0.0001,0.0	Unknown
SI072_165m_pe	k147_299367_1	XmoA	6	253	r__Root; d__Bacteria; p__Proteobacteria; c__Betaproteobacteria; o__Nitrosomonadales; f__Nitrosomonadaceae; g__Nitrosospira	8455.75105668367	22	1.5e-109	1.0	0.1115	0.043,0.0685,0.0	AmoA_AOB
SI072_165m_pe	k147_454285_2	XmoA	1	247	r__Root; d__Bacteria; p__Proteobacteria; c__Gammaproteobacteria; o__Methylococcales; f__Methylomonadaceae; g__OPU3-GD-OMZ; s__OPU3-GD-OMZ sp001901525	6886.635290200621	89	4e-125	1.0	0.0187	0.01,0.0087,0.0	Unknown
SI072_165m_pe	k147_372277_2	XmoA	1	159	r__Root	0.0	103	1.1e-77	1.0	0.0349	0.0095,0.0254,0.0	Unknown
SI072_200m_pe	k147_174999_2	XmoA	1	210	r__Root; d__Bacteria; p__Proteobacteria; c__Betaproteobacteria; o__Nitrosomonadales; f__Nitrosomonadaceae; g__Nitrosospira	0.0	22	1.2e-98	1.0	0.1124	0.0505,0.0619,0.0	AmoA_AOB
SI072_200m_pe	k147_663727_2	XmoA	1	76	r__Root; d__Bacteria; p__Proteobacteria; c__Gammaproteobacteria; o__Methylococcales; f__Methylomonadaceae; g__OPU3-GD-OMZ; s__OPU3-GD-OMZ sp001901525	0.0	89	2.3e-37	1.0	0.0279	0.0278,0.0001,0.0	Unknown
SI072_200m_pe	k147_348694_2	XmoA	1	106	r__Root; d__Bacteria; p__Proteobacteria; c__Betaproteobacteria; o__Nitrosomonadales; f__Nitrosomonadaceae; g__Nitrosospira	0.0	22	8.7e-44	0.811625242	0.1203	0.0448,0.0754,0.0	AmoA_AOB
SI072_200m_pe	k147_475652_2	XmoA	1	76	r__Root; d__Bacteria; p__Proteobacteria; c__Gammaproteobacteria; o__Methylococcales; f__Methylomonadaceae; g__OPU3-GD-OMZ; s__OPU3-GD-OMZ sp001901525	0.0	89	1.4e-36	1.0	0.0002	0.0001,0.0001,0.0	Unknown
SI072_200m_pe	k147_240226_3	XmoA	1	210	r__Root; d__Bacteria; p__Proteobacteria; c__Betaproteobacteria; o__Nitrosomonadales; f__Nitrosomonadaceae; g__Nitrosospira	3774.523908619824	22	1.2e-98	1.0	0.1124	0.0505,0.0619,0.0	AmoA_AOB
SI072_200m_pe	k147_77634_1	XmoA	1	199	r__Root	0.0	103	1.8e-106	1.0	0.0402	0.0088,0.0314,0.0	Unknown
SI072_200m_pe	k147_63191_1	XmoA	1	88	r__Root	0.0	103	7.4e-45	1.0	0.0506	0.0241,0.0265,0.0	Unknown
SI072_200m_pe	k147_73233_2	XmoA	1	63	r__Root; d__Bacteria; p__Proteobacteria; c__Betaproteobacteria; o__Nitrosomonadales; f__Nitrosomonadaceae; g__Nitrosospira; s__Nitrosospira multiformis	0.0	22	1.1e-27	0.5384223024	0.0581	0.0172,0.0409,0.0	AmoA_AOB
SI072_200m_pe	k147_115513_6	XmoA	6	253	r__Root; d__Bacteria; p__Proteobacteria; c__Betaproteobacteria; o__Nitrosomonadales; f__Nitrosomonadaceae; g__Nitrosospira	3985.733730221294	22	1.5e-109	1.0	0.1115	0.043,0.0685,0.0	AmoA_AOB
SI072_200m_pe	k147_38346_11	XmoA	1	247	r__Root; d__Bacteria; p__Proteobacteria; c__Gammaproteobacteria; o__Methylococcales; f__Methylomonadaceae; g__OPU3-GD-OMZ; s__OPU3-GD-OMZ sp001901525	9793.976351600228	89	7.8e-125	1.0	0.0037	0.0036,0.0001,0.0	Unknown
SI072_200m_pe	k147_218723_3	XmoA	1	247	r__Root; d__Bacteria; p__Proteobacteria; c__Gammaproteobacteria; o__Methylococcales; f__Methylomonadaceae; g__OPU3-GD-OMZ; s__OPU3-GD-OMZ sp001901525	7122.891892072893	89	7.8e-125	1.0	0.0037	0.0036,0.0001,0.0	Unknown
SI072_200m_pe	k147_277768_4	XmoA	1	247	r__Root	15898.294703106698	103	5.3e-126	1.0	0.0367	0.011,0.0256,0.0	Unknown
SI072_200m_pe	k147_222487_2	XmoA	4	131	r__Root; d__Bacteria; p__Proteobacteria; c__Gammaproteobacteria; o__Methylococcales; f__Methylococcaceae	0.0	35	8.2e-54	0.7578663371	0.1462	0.0061,0.0574,0.0826	Unknown
SI072_200m_pe	k147_314425_5	XmoA	1	181	r__Root; d__Bacteria; p__Proteobacteria; c__Gammaproteobacteria; o__Methylococcales; f__Methylomonadaceae; g__OPU3-GD-OMZ; s__OPU3-GD-OMZ sp001901525	0.0	89	9.3e-89	1.0	0.0139	0.0001,0.0138,0.0	Unknown
SI072_200m_pe	k147_519870_3	XmoA	6	253	r__Root; d__Bacteria; p__Proteobacteria; c__Betaproteobacteria; o__Nitrosomonadales; f__Nitrosomonadaceae; g__Nitrosospira	3985.733730221294	22	1.5e-109	1.0	0.1115	0.043,0.0685,0.0	AmoA_AOB
SI072_200m_pe	k147_15305_2	XmoA	1	247	r__Root; d__Bacteria; p__Proteobacteria; c__Gammaproteobacteria; o__Methylococcales; f__Methylomonadaceae; g__OPU3-GD-OMZ; s__OPU3-GD-OMZ sp001901525	0.0	89	7.8e-125	1.0	0.0037	0.0036,0.0001,0.0	Unknown
SI072_200m_pe	k147_449783_3	XmoA	1	247	r__Root; d__Bacteria; p__Proteobacteria; c__Gammaproteobacteria; o__Methylococcales; f__Methylomonadaceae; g__OPU3-GD-OMZ; s__OPU3-GD-OMZ sp001901525	0.0	89	5e-125	1.0	0.0002	0.0001,0.0001,0.0	Unknown
SI072_200m_pe	k147_299367_1	XmoA	6	253	r__Root; d__Bacteria; p__Proteobacteria; c__Betaproteobacteria; o__Nitrosomonadales; f__Nitrosomonadaceae; g__Nitrosospira	0.0	22	1.5e-109	1.0	0.1115	0.043,0.0685,0.0	AmoA_AOB
SI072_200m_pe	k147_454285_2	XmoA	1	247	r__Root; d__Bacteria; p__Proteobacteria; c__Gammaproteobacteria; o__Methylococcales; f__Methylomonadaceae; g__OPU3-GD-OMZ; s__OPU3-GD-OMZ sp001901525	7122.891892072893	89	4e-125	1.0	0.0187	0.01,0.0087,0.0	Unknown
SI072_200m_pe	k147_372277_2	XmoA	1	159	r__Root	0.0	103	1.1e-77	1.0	0.0349	0.0095,0.0254,0.0	Unknown
SI072_100m_MetaT_QC_Filtered	k147_174999_2	XmoA	1	210	r__Root; d__Bacteria; p__Proteobacteria; c__Betaproteobacteria; o__Nitrosomonadales; f__Nitrosomonadaceae; g__Nitrosospira	18249.748917136192	22	1.2e-98	1.0	0.1124	0.0505,0.0619,0.0	AmoA_AOB
SI072_100m_MetaT_QC_Filtered	k147_663727_2	XmoA	1	76	r__Root; d__Bacteria; p__Proteobacteria; c__Gammaproteobacteria; o__Methylococcales; f__Methylomonadaceae; g__OPU3-GD-OMZ; s__OPU3-GD-OMZ sp001901525	17853.960058964407	89	2.3e-37	1.0	0.0279	0.0278,0.0001,0.0	Unknown
SI072_100m_MetaT_QC_Filtered	k147_348694_2	XmoA	1	106	r__Root; d__Bacteria; p__Proteobacteria; c__Betaproteobacteria; o__Nitrosomonadales; f__Nitrosomonadaceae; g__Nitrosospira	11083.710589282715	22	8.7e-44	0.811625242	0.1203	0.0448,0.0754,0.0	AmoA_AOB
SI072_100m_MetaT_QC_Filtered	k147_475652_2	XmoA	1	76	r__Root; d__Bacteria; p__Proteobacteria; c__Gammaproteobacteria; o__Methylococcales; f__Methylomonadaceae; g__OPU3-GD-OMZ; s__OPU3-GD-OMZ sp001901525	8181.18169790521	89	1.4e-36	1.0	0.0002	0.0001,0.0001,0.0	Unknown
SI072_100m_MetaT_QC_Filtered	k147_240226_3	XmoA	1	210	r__Root; d__Bacteria; p__Proteobacteria; c__Betaproteobacteria; o__Nitrosomonadales; f__Nitrosomonadaceae; g__Nitrosospira	19870.957256148293	22	1.2e-98	1.0	0.1124	0.0505,0.0619,0.0	AmoA_AOB
SI072_100m_MetaT_QC_Filtered	k147_77634_1	XmoA	1	199	r__Root	87.44704055341641	103	1.8e-106	1.0	0.0402	0.0088,0.0314,0.0	Unknown
SI072_100m_MetaT_QC_Filtered	k147_63191_1	XmoA	1	88	r__Root	0.0	103	7.4e-45	1.0	0.0506	0.0241,0.0265,0.0	Unknown
SI072_100m_MetaT_QC_Filtered	k147_73233_2	XmoA	1	63	r__Root; d__Bacteria; p__Proteobacteria; c__Betaproteobacteria; o__Nitrosomonadales; f__Nitrosomonadaceae; g__Nitrosospira; s__Nitrosospira multiformis	607.6875294331064	22	1.1e-27	0.5384223024	0.0581	0.0172,0.0409,0.0	AmoA_AOB
SI072_100m_MetaT_QC_Filtered	k147_115513_6	XmoA	6	253	r__Root; d__Bacteria; p__Proteobacteria; c__Betaproteobacteria; o__Nitrosomonadales; f__Nitrosomonadaceae; g__Nitrosospira	21309.549440390074	22	1.5e-109	1.0	0.1115	0.043,0.0685,0.0	AmoA_AOB
SI072_100m_MetaT_QC_Filtered	k147_38346_11	XmoA	1	247	r__Root; d__Bacteria; p__Proteobacteria; c__Gammaproteobacteria; o__Methylococcales; f__Methylomonadaceae; g__OPU3-GD-OMZ; s__OPU3-GD-OMZ sp001901525	15731.934160980309	89	7.8e-125	1.0	0.0037	0.0036,0.0001,0.0	Unknown
SI072_100m_MetaT_QC_Filtered	k147_218723_3	XmoA	1	247	r__Root; d__Bacteria; p__Proteobacteria; c__Gammaproteobacteria; o__Methylococcales; f__Methylomonadaceae; g__OPU3-GD-OMZ; s__OPU3-GD-OMZ sp001901525	14875.869947046498	89	7.8e-125	1.0	0.0037	0.0036,0.0001,0.0	Unknown
SI072_100m_MetaT_QC_Filtered	k147_277768_4	XmoA	1	247	r__Root	83.52941313662336	103	5.3e-126	1.0	0.0367	0.011,0.0256,0.0	Unknown
SI072_100m_MetaT_QC_Filtered	k147_222487_2	XmoA	4	131	r__Root; d__Bacteria; p__Proteobacteria; c__Gammaproteobacteria; o__Methylococcales; f__Methylococcaceae	0.0	35	8.2e-54	0.7578663371	0.1462	0.0061,0.0574,0.0826	Unknown
SI072_100m_MetaT_QC_Filtered	k147_314425_5	XmoA	1	181	r__Root; d__Bacteria; p__Proteobacteria; c__Gammaproteobacteria; o__Methylococcales; f__Methylomonadaceae; g__OPU3-GD-OMZ; s__OPU3-GD-OMZ sp001901525	15363.720326004159	89	9.3e-89	1.0	0.0139	0.0001,0.0138,0.0	Unknown
SI072_100m_MetaT_QC_Filtered	k147_519870_3	XmoA	6	253	r__Root; d__Bacteria; p__Proteobacteria; c__Betaproteobacteria; o__Nitrosomonadales; f__Nitrosomonadaceae; g__Nitrosospira	22189.070938519384	22	1.5e-109	1.0	0.1115	0.043,0.0685,0.0	AmoA_AOB
SI072_100m_MetaT_QC_Filtered	k147_15305_2	XmoA	1	247	r__Root; d__Bacteria; p__Proteobacteria; c__Gammaproteobacteria; o__Methylococcales; f__Methylomonadaceae; g__OPU3-GD-OMZ; s__OPU3-GD-OMZ sp001901525	15282.851294654372	89	7.8e-125	1.0	0.0037	0.0036,0.0001,0.0	Unknown
SI072_100m_MetaT_QC_Filtered	k147_449783_3	XmoA	1	247	r__Root; d__Bacteria; p__Proteobacteria; c__Gammaproteobacteria; o__Methylococcales; f__Methylomonadaceae; g__OPU3-GD-OMZ; s__OPU3-GD-OMZ sp001901525	13009.369283879341	89	5e-125	1.0	0.0002	0.0001,0.0001,0.0	Unknown
SI072_100m_MetaT_QC_Filtered	k147_299367_1	XmoA	6	253	r__Root; d__Bacteria; p__Proteobacteria; c__Betaproteobacteria; o__Nitrosomonadales; f__Nitrosomonadaceae; g__Nitrosospira	21472.88914718552	22	1.5e-109	1.0	0.1115	0.043,0.0685,0.0	AmoA_AOB
SI072_100m_MetaT_QC_Filtered	k147_454285_2	XmoA	1	247	r__Root; d__Bacteria; p__Proteobacteria; c__Gammaproteobacteria; o__Methylococcales; f__Methylomonadaceae; g__OPU3-GD-OMZ; s__OPU3-GD-OMZ sp001901525	29485.096942211974	89	4e-125	1.0	0.0187	0.01,0.0087,0.0	Unknown
SI072_100m_MetaT_QC_Filtered	k147_372277_2	XmoA	1	159	r__Root	0.0	103	1.1e-77	1.0	0.0349	0.0095,0.0254,0.0	Unknown
SI072_10m_MetaT_QC_Filtered	k147_174999_2	XmoA	1	210	r__Root; d__Bacteria; p__Proteobacteria; c__Betaproteobacteria; o__Nitrosomonadales; f__Nitrosomonadaceae; g__Nitrosospira	38144.85075799121	22	1.2e-98	1.0	0.1124	0.0505,0.0619,0.0	AmoA_AOB
SI072_10m_MetaT_QC_Filtered	k147_663727_2	XmoA	1	76	r__Root; d__Bacteria; p__Proteobacteria; c__Gammaproteobacteria; o__Methylococcales; f__Methylomonadaceae; g__OPU3-GD-OMZ; s__OPU3-GD-OMZ sp001901525	0.0	89	2.3e-37	1.0	0.0279	0.0278,0.0001,0.0	Unknown
SI072_10m_MetaT_QC_Filtered	k147_348694_2	XmoA	1	106	r__Root; d__Bacteria; p__Proteobacteria; c__Betaproteobacteria; o__Nitrosomonadales; f__Nitrosomonadaceae; g__Nitrosospira	0.0	22	8.7e-44	0.811625242	0.1203	0.0448,0.0754,0.0	AmoA_AOB
SI072_10m_MetaT_QC_Filtered	k147_475652_2	XmoA	1	76	r__Root; d__Bacteria; p__Proteobacteria; c__Gammaproteobacteria; o__Methylococcales; f__Methylomonadaceae; g__OPU3-GD-OMZ; s__OPU3-GD-OMZ sp001901525	0.0	89	1.4e-36	1.0	0.0002	0.0001,0.0001,0.0	Unknown
SI072_10m_MetaT_QC_Filtered	k147_240226_3	XmoA	1	210	r__Root; d__Bacteria; p__Proteobacteria; c__Betaproteobacteria; o__Nitrosomonadales; f__Nitrosomonadaceae; g__Nitrosospira	47681.06344748901	22	1.2e-98	1.0	0.1124	0.0505,0.0619,0.0	AmoA_AOB
SI072_10m_MetaT_QC_Filtered	k147_77634_1	XmoA	1	199	r__Root	0.0	103	1.8e-106	1.0	0.0402	0.0088,0.0314,0.0	Unknown
SI072_10m_MetaT_QC_Filtered	k147_63191_1	XmoA	1	88	r__Root	0.0	103	7.4e-45	1.0	0.0506	0.0241,0.0265,0.0	Unknown
SI072_10m_MetaT_QC_Filtered	k147_73233_2	XmoA	1	63	r__Root; d__Bacteria; p__Proteobacteria; c__Betaproteobacteria; o__Nitrosomonadales; f__Nitrosomonadaceae; g__Nitrosospira; s__Nitrosospira multiformis	0.0	22	1.1e-27	0.5384223024	0.0581	0.0172,0.0409,0.0	AmoA_AOB
SI072_10m_MetaT_QC_Filtered	k147_115513_6	XmoA	6	253	r__Root; d__Bacteria; p__Proteobacteria; c__Betaproteobacteria; o__Nitrosomonadales; f__Nitrosomonadaceae; g__Nitrosospira	16111.723966371737	22	1.5e-109	1.0	0.1115	0.043,0.0685,0.0	AmoA_AOB
SI072_10m_MetaT_QC_Filtered	k147_38346_11	XmoA	1	247	r__Root; d__Bacteria; p__Proteobacteria; c__Gammaproteobacteria; o__Methylococcales; f__Methylomonadaceae; g__OPU3-GD-OMZ; s__OPU3-GD-OMZ sp001901525	0.0	89	7.8e-125	1.0	0.0037	0.0036,0.0001,0.0	Unknown
SI072_10m_MetaT_QC_Filtered	k147_218723_3	XmoA	1	247	r__Root; d__Bacteria; p__Proteobacteria; c__Gammaproteobacteria; o__Methylococcales; f__Methylomonadaceae; g__OPU3-GD-OMZ; s__OPU3-GD-OMZ sp001901525	0.0	89	7.8e-125	1.0	0.0037	0.0036,0.0001,0.0	Unknown
SI072_10m_MetaT_QC_Filtered	k147_277768_4	XmoA	1	247	r__Root	0.0	103	5.3e-126	1.0	0.0367	0.011,0.0256,0.0	Unknown
SI072_10m_MetaT_QC_Filtered	k147_222487_2	XmoA	4	131	r__Root; d__Bacteria; p__Proteobacteria; c__Gammaproteobacteria; o__Methylococcales; f__Methylococcaceae	0.0	35	8.2e-54	0.7578663371	0.1462	0.0061,0.0574,0.0826	Unknown
SI072_10m_MetaT_QC_Filtered	k147_314425_5	XmoA	1	181	r__Root; d__Bacteria; p__Proteobacteria; c__Gammaproteobacteria; o__Methylococcales; f__Methylomonadaceae; g__OPU3-GD-OMZ; s__OPU3-GD-OMZ sp001901525	0.0	89	9.3e-89	1.0	0.0139	0.0001,0.0138,0.0	Unknown
SI072_10m_MetaT_QC_Filtered	k147_519870_3	XmoA	6	253	r__Root; d__Bacteria; p__Proteobacteria; c__Betaproteobacteria; o__Nitrosomonadales; f__Nitrosomonadaceae; g__Nitrosospira	69817.47052094422	22	1.5e-109	1.0	0.1115	0.043,0.0685,0.0	AmoA_AOB
SI072_10m_MetaT_QC_Filtered	k147_15305_2	XmoA	1	247	r__Root; d__Bacteria; p__Proteobacteria; c__Gammaproteobacteria; o__Methylococcales; f__Methylomonadaceae; g__OPU3-GD-OMZ; s__OPU3-GD-OMZ sp001901525	0.0	89	7.8e-125	1.0	0.0037	0.0036,0.0001,0.0	Unknown
SI072_10m_MetaT_QC_Filtered	k147_449783_3	XmoA	1	247	r__Root; d__Bacteria; p__Proteobacteria; c__Gammaproteobacteria; o__Methylococcales; f__Methylomonadaceae; g__OPU3-GD-OMZ; s__OPU3-GD-OMZ sp001901525	0.0	89	5e-125	1.0	0.0002	0.0001,0.0001,0.0	Unknown
SI072_10m_MetaT_QC_Filtered	k147_299367_1	XmoA	6	253	r__Root; d__Bacteria; p__Proteobacteria; c__Betaproteobacteria; o__Nitrosomonadales; f__Nitrosomonadaceae; g__Nitrosospira	37594.02258820072	22	1.5e-109	1.0	0.1115	0.043,0.0685,0.0	AmoA_AOB
SI072_10m_MetaT_QC_Filtered	k147_454285_2	XmoA	1	247	r__Root; d__Bacteria; p__Proteobacteria; c__Gammaproteobacteria; o__Methylococcales; f__Methylomonadaceae; g__OPU3-GD-OMZ; s__OPU3-GD-OMZ sp001901525	0.0	89	4e-125	1.0	0.0187	0.01,0.0087,0.0	Unknown
SI072_10m_MetaT_QC_Filtered	k147_372277_2	XmoA	1	159	r__Root	0.0	103	1.1e-77	1.0	0.0349	0.0095,0.0254,0.0	Unknown
SI072_120m_MetaT_QC_Filtered	k147_174999_2	XmoA	1	210	r__Root; d__Bacteria; p__Proteobacteria; c__Betaproteobacteria; o__Nitrosomonadales; f__Nitrosomonadaceae; g__Nitrosospira	15120.170857592479	22	1.2e-98	1.0	0.1124	0.0505,0.0619,0.0	AmoA_AOB
SI072_120m_MetaT_QC_Filtered	k147_663727_2	XmoA	1	76	r__Root; d__Bacteria; p__Proteobacteria; c__Gammaproteobacteria; o__Methylococcales; f__Methylomonadaceae; g__OPU3-GD-OMZ; s__OPU3-GD-OMZ sp001901525	21170.501006292532	89	2.3e-37	1.0	0.0279	0.0278,0.0001,0.0	Unknown
SI072_120m_MetaT_QC_Filtered	k147_348694_2	XmoA	1	106	r__Root; d__Bacteria; p__Proteobacteria; c__Betaproteobacteria; o__Nitrosomonadales; f__Nitrosomonadaceae; g__Nitrosospira	9005.605428061363	22	8.7e-44	0.811625242	0.1203	0.0448,0.0754,0.0	AmoA_AOB
SI072_120m_MetaT_QC_Filtered	k147_475652_2	XmoA	1	76	r__Root; d__Bacteria; p__Proteobacteria; c__Gammaproteobacteria; o__Methylococcales; f__Methylomonadaceae; g__OPU3-GD-OMZ; s__OPU3-GD-OMZ sp001901525	12557.956278732618	89	1.4e-36	1.0	0.0002	0.0001,0.0001,0.0	Unknown
SI072_120m_MetaT_QC_Filtered	k147_240226_3	XmoA	1	210	r__Root; d__Bacteria; p__Proteobacteria; c__Betaproteobacteria; o__Nitrosomonadales; f__Nitrosomonadaceae; g__Nitrosospira	14407.702073726863	22	1.2e-98	1.0	0.1124	0.0505,0.0619,0.0	AmoA_AOB
SI072_120m_MetaT_QC_Filtered	k147_77634_1	XmoA	1	199	r__Root	335.1109455769924	103	1.8e-106	1.0	0.0402	0.0088,0.0314,0.0	Unknown
SI072_120m_MetaT_QC_Filtered	k147_63191_1	XmoA	1	88	r__Root	0.0	103	7.4e-45	1.0	0.0506	0.0241,0.0265,0.0	Unknown
SI072_120m_MetaT_QC_Filtered	k147_73233_2	XmoA	1	63	r__Root; d__Bacteria; p__Proteobacteria; c__Betaproteobacteria; o__Nitrosomonadales; f__Nitrosomonadaceae; g__Nitrosospira; s__Nitrosospira multiformis	411.6486306779104	22	1.1e-27	0.5384223024	0.0581	0.0172,0.0409,0.0	AmoA_AOB
SI072_120m_MetaT_QC_Filtered	k147_115513_6	XmoA	6	253	r__Root; d__Bacteria; p__Proteobacteria; c__Betaproteobacteria; o__Nitrosomonadales; f__Nitrosomonadaceae; g__Nitrosospira	17681.571869334937	22	1.5e-109	1.0	0.1115	0.043,0.0685,0.0	AmoA_AOB
SI072_120m_MetaT_QC_Filtered	k147_38346_11	XmoA	1	247	r__Root; d__Bacteria; p__Proteobacteria; c__Gammaproteobacteria; o__Methylococcales; f__Methylomonadaceae; g__OPU3-GD-OMZ; s__OPU3-GD-OMZ sp001901525	25963.741455902717	89	7.8e-125	1.0	0.0037	0.0036,0.0001,0.0	Unknown
SI072_120m_MetaT_QC_Filtered	k147_218723_3	XmoA	1	247	r__Root; d__Bacteria; p__Proteobacteria; c__Gammaproteobacteria; o__Methylococcales; f__Methylomonadaceae; g__OPU3-GD-OMZ; s__OPU3-GD-OMZ sp001901525	24873.204559308415	89	7.8e-125	1.0	0.0037	0.0036,0.0001,0.0	Unknown
SI072_120m_MetaT_QC_Filtered	k147_277768_4	XmoA	1	247	r__Root	340.8450662013098	103	5.3e-126	1.0	0.0367	0.011,0.0256,0.0	Unknown
SI072_120m_MetaT_QC_Filtered	k147_222487_2	XmoA	4	131	r__Root; d__Bacteria; p__Proteobacteria; c__Gammaproteobacteria; o__Methylococcales; f__Methylococcaceae	226.24962907488205	35	8.2e-54	0.7578663371	0.1462	0.0061,0.0574,0.0826	Unknown
SI072_120m_MetaT_QC_Filtered	k147_314425_5	XmoA	1	181	r__Root; d__Bacteria; p__Proteobacteria; c__Gammaproteobacteria; o__Methylococcales; f__Methylomonadaceae; g__OPU3-GD-OMZ; s__OPU3-GD-OMZ sp001901525	16989.034647314864	89	9.3e-89	1.0	0.0139	0.0001,0.0138,0.0	Unknown
SI072_120m_MetaT_QC_Filtered	k147_519870_3	XmoA	6	253	r__Root; d__Bacteria; p__Proteobacteria; c__Betaproteobacteria; o__Nitrosomonadales; f__Nitrosomonadaceae; g__Nitrosospira	17467.574025228012	22	1.5e-109	1.0	0.1115	0.043,0.0685,0.0	AmoA_AOB
SI072_120m_MetaT_QC_Filtered	k147_15305_2	XmoA	1	247	r__Root; d__Bacteria; p__Proteobacteria; c__Gammaproteobacteria; o__Methylococcales; f__Methylomonadaceae; g__OPU3-GD-OMZ; s__OPU3-GD-OMZ sp001901525	27278.361276454754	89	7.8e-125	1.0	0.0037	0.0036,0.0001,0.0	Unknown
SI072_120m_MetaT_QC_Filtered	k147_449783_3	XmoA	1	247	r__Root; d__Bacteria; p__Proteobacteria; c__Gammaproteobacteria; o__Methylococcales; f__Methylomonadaceae; g__OPU3-GD-OMZ; s__OPU3-GD-OMZ sp001901525	19076.92625960171	89	5e-125	1.0	0.0002	0.0001,0.0001,0.0	Unknown
SI072_120m_MetaT_QC_Filtered	k147_299367_1	XmoA	6	253	r__Root; d__Bacteria; p__Proteobacteria; c__Betaproteobacteria; o__Nitrosomonadales; f__Nitrosomonadaceae; g__Nitrosospira	16598.207783543614	22	1.5e-109	1.0	0.1115	0.043,0.0685,0.0	AmoA_AOB
SI072_120m_MetaT_QC_Filtered	k147_454285_2	XmoA	1	247	r__Root; d__Bacteria; p__Proteobacteria; c__Gammaproteobacteria; o__Methylococcales; f__Methylomonadaceae; g__OPU3-GD-OMZ; s__OPU3-GD-OMZ sp001901525	29982.295225544738	89	4e-125	1.0	0.0187	0.01,0.0087,0.0	Unknown
SI072_120m_MetaT_QC_Filtered	k147_372277_2	XmoA	1	159	r__Root	0.0	103	1.1e-77	1.0	0.0349	0.0095,0.0254,0.0	Unknown
SI072_135m_MetaT_QC_Filtered	k147_174999_2	XmoA	1	210	r__Root; d__Bacteria; p__Proteobacteria; c__Betaproteobacteria; o__Nitrosomonadales; f__Nitrosomonadaceae; g__Nitrosospira	3750.3037661166622	22	1.2e-98	1.0	0.1124	0.0505,0.0619,0.0	AmoA_AOB
SI072_135m_MetaT_QC_Filtered	k147_663727_2	XmoA	1	76	r__Root; d__Bacteria; p__Proteobacteria; c__Gammaproteobacteria; o__Methylococcales; f__Methylomonadaceae; g__OPU3-GD-OMZ; s__OPU3-GD-OMZ sp001901525	18372.00757154979	89	2.3e-37	1.0	0.0279	0.0278,0.0001,0.0	Unknown
SI072_135m_MetaT_QC_Filtered	k147_348694_2	XmoA	1	106	r__Root; d__Bacteria; p__Proteobacteria; c__Betaproteobacteria; o__Nitrosomonadales; f__Nitrosomonadaceae; g__Nitrosospira	1890.153098122798	22	8.7e-44	0.811625242	0.1203	0.0448,0.0754,0.0	AmoA_AOB
SI072_135m_MetaT_QC_Filtered	k147_475652_2	XmoA	1	76	r__Root; d__Bacteria; p__Proteobacteria; c__Gammaproteobacteria; o__Methylococcales; f__Methylomonadaceae; g__OPU3-GD-OMZ; s__OPU3-GD-OMZ sp001901525	22976.406491466736	89	1.4e-36	1.0	0.0002	0.0001,0.0001,0.0	Unknown
SI072_135m_MetaT_QC_Filtered	k147_240226_3	XmoA	1	210	r__Root; d__Bacteria; p__Proteobacteria; c__Betaproteobacteria; o__Nitrosomonadales; f__Nitrosomonadaceae; g__Nitrosospira	3930.3183468902616	22	1.2e-98	1.0	0.1124	0.0505,0.0619,0.0	AmoA_AOB
SI072_135m_MetaT_QC_Filtered	k147_77634_1	XmoA	1	199	r__Root	282.2339155847394	103	1.8e-106	1.0	0.0402	0.0088,0.0314,0.0	Unknown
SI072_135m_MetaT_QC_Filtered	k147_63191_1	XmoA	1	88	r__Root	115.72365906874273	103	7.4e-45	1.0	0.0506	0.0241,0.0265,0.0	Unknown
SI072_135m_MetaT_QC_Filtered	k147_73233_2	XmoA	1	63	r__Root; d__Bacteria; p__Proteobacteria; c__Betaproteobacteria; o__Nitrosomonadales; f__Nitrosomonadaceae; g__Nitrosospira; s__Nitrosospira multiformis	55.71879881087612	22	1.1e-27	0.5384223024	0.0581	0.0172,0.0409,0.0	AmoA_AOB
SI072_135m_MetaT_QC_Filtered	k147_115513_6	XmoA	6	253	r__Root; d__Bacteria; p__Proteobacteria; c__Betaproteobacteria; o__Nitrosomonadales; f__Nitrosomonadaceae; g__Nitrosospira	4143.909654522957	22	1.5e-109	1.0	0.1115	0.043,0.0685,0.0	AmoA_AOB
SI072_135m_MetaT_QC_Filtered	k147_38346_11	XmoA	1	247	r__Root; d__Bacteria; p__Proteobacteria; c__Gammaproteobacteria; o__Methylococcales; f__Methylomonadaceae; g__OPU3-GD-OMZ; s__OPU3-GD-OMZ sp001901525	43312.37917242218	89	7.8e-125	1.0	0.0037	0.0036,0.0001,0.0	Unknown
SI072_135m_MetaT_QC_Filtered	k147_218723_3	XmoA	1	247	r__Root; d__Bacteria; p__Proteobacteria; c__Gammaproteobacteria; o__Methylococcales; f__Methylomonadaceae; g__OPU3-GD-OMZ; s__OPU3-GD-OMZ sp001901525	42279.10999608661	89	7.8e-125	1.0	0.0037	0.0036,0.0001,0.0	Unknown
SI072_135m_MetaT_QC_Filtered	k147_277768_4	XmoA	1	247	r__Root	730.1391396177207	103	5.3e-126	1.0	0.0367	0.011,0.0256,0.0	Unknown
SI072_135m_MetaT_QC_Filtered	k147_222487_2	XmoA	4	131	r__Root; d__Bacteria; p__Proteobacteria; c__Gammaproteobacteria; o__Methylococcales; f__Methylococcaceae	0.0	35	8.2e-54	0.7578663371	0.1462	0.0061,0.0574,0.0826	Unknown
SI072_135m_MetaT_QC_Filtered	k147_314425_5	XmoA	1	181	r__Root; d__Bacteria; p__Proteobacteria; c__Gammaproteobacteria; o__Methylococcales; f__Methylomonadaceae; g__OPU3-GD-OMZ; s__OPU3-GD-OMZ sp001901525	23699.267653337618	89	9.3e-89	1.0	0.0139	0.0001,0.0138,0.0	Unknown
SI072_135m_MetaT_QC_Filtered	k147_519870_3	XmoA	6	253	r__Root; d__Bacteria; p__Proteobacteria; c__Betaproteobacteria; o__Nitrosomonadales; f__Nitrosomonadaceae; g__Nitrosospira	4283.3072269992645	22	1.5e-109	1.0	0.1115	0.043,0.0685,0.0	AmoA_AOB
SI072_135m_MetaT_QC_Filtered	k147_15305_2	XmoA	1	247	r__Root; d__Bacteria; p__Proteobacteria; c__Gammaproteobacteria; o__Methylococcales; f__Methylomonadaceae; g__OPU3-GD-OMZ; s__OPU3-GD-OMZ sp001901525	45449.68938648614	89	7.8e-125	1.0	0.0037	0.0036,0.0001,0.0	Unknown
SI072_135m_MetaT_QC_Filtered	k147_449783_3	XmoA	1	247	r__Root; d__Bacteria; p__Proteobacteria; c__Gammaproteobacteria; o__Methylococcales; f__Methylomonadaceae; g__OPU3-GD-OMZ; s__OPU3-GD-OMZ sp001901525	34296.04403097351	89	5e-125	1.0	0.0002	0.0001,0.0001,0.0	Unknown
SI072_135m_MetaT_QC_Filtered	k147_299367_1	XmoA	6	253	r__Root; d__Bacteria; p__Proteobacteria; c__Betaproteobacteria; o__Nitrosomonadales; f__Nitrosomonadaceae; g__Nitrosospira	4093.2196281679367	22	1.5e-109	1.0	0.1115	0.043,0.0685,0.0	AmoA_AOB
SI072_135m_MetaT_QC_Filtered	k147_454285_2	XmoA	1	247	r__Root; d__Bacteria; p__Proteobacteria; c__Gammaproteobacteria; o__Methylococcales; f__Methylomonadaceae; g__OPU3-GD-OMZ; s__OPU3-GD-OMZ sp001901525	33616.63416160218	89	4e-125	1.0	0.0187	0.01,0.0087,0.0	Unknown
SI072_135m_MetaT_QC_Filtered	k147_372277_2	XmoA	1	159	r__Root	331.15889859294305	103	1.1e-77	1.0	0.0349	0.0095,0.0254,0.0	Unknown
SI072_150m_MetaT_QC_Filtered	k147_174999_2	XmoA	1	210	r__Root; d__Bacteria; p__Proteobacteria; c__Betaproteobacteria; o__Nitrosomonadales; f__Nitrosomonadaceae; g__Nitrosospira	626.4777172738862	22	1.2e-98	1.0	0.1124	0.0505,0.0619,0.0	AmoA_AOB
SI072_150m_MetaT_QC_Filtered	k147_663727_2	XmoA	1	76	r__Root; d__Bacteria; p__Proteobacteria; c__Gammaproteobacteria; o__Methylococcales; f__Methylomonadaceae; g__OPU3-GD-OMZ; s__OPU3-GD-OMZ sp001901525	21395.550685672908	89	2.3e-37	1.0	0.0279	0.0278,0.0001,0.0	Unknown
SI072_150m_MetaT_QC_Filtered	k147_348694_2	XmoA	1	106	r__Root; d__Bacteria; p__Proteobacteria; c__Betaproteobacteria; o__Nitrosomonadales; f__Nitrosomonadaceae; g__Nitrosospira	107.39618010409475	22	8.7e-44	0.811625242	0.1203	0.0448,0.0754,0.0	AmoA_AOB
SI072_150m_MetaT_QC_Filtered	k147_475652_2	XmoA	1	76	r__Root; d__Bacteria; p__Proteobacteria; c__Gammaproteobacteria; o__Methylococcales; f__Methylomonadaceae; g__OPU3-GD-OMZ; s__OPU3-GD-OMZ sp001901525	34586.4516380687	89	1.4e-36	1.0	0.0002	0.0001,0.0001,0.0	Unknown
SI072_150m_MetaT_QC_Filtered	k147_240226_3	XmoA	1	210	r__Root; d__Bacteria; p__Proteobacteria; c__Betaproteobacteria; o__Nitrosomonadales; f__Nitrosomonadaceae; g__Nitrosospira	507.1486282693363	22	1.2e-98	1.0	0.1124	0.0505,0.0619,0.0	AmoA_AOB
SI072_150m_MetaT_QC_Filtered	k147_77634_1	XmoA	1	199	r__Root	438.48942881696985	103	1.8e-106	1.0	0.0402	0.0088,0.0314,0.0	Unknown
SI072_150m_MetaT_QC_Filtered	k147_63191_1	XmoA	1	88	r__Root	306.84622886884216	103	7.4e-45	1.0	0.0506	0.0241,0.0265,0.0	Unknown
SI072_150m_MetaT_QC_Filtered	k147_73233_2	XmoA	1	63	r__Root; d__Bacteria; p__Proteobacteria; c__Betaproteobacteria; o__Nitrosomonadales; f__Nitrosomonadaceae; g__Nitrosospira; s__Nitrosospira multiformis	0.0	22	1.1e-27	0.5384223024	0.0581	0.0172,0.0409,0.0	AmoA_AOB
SI072_150m_MetaT_QC_Filtered	k147_115513_6	XmoA	6	253	r__Root; d__Bacteria; p__Proteobacteria; c__Betaproteobacteria; o__Nitrosomonadales; f__Nitrosomonadaceae; g__Nitrosospira	504.0253939903365	22	1.5e-109	1.0	0.1115	0.043,0.0685,0.0	AmoA_AOB
SI072_150m_MetaT_QC_Filtered	k147_38346_11	XmoA	1	247	r__Root; d__Bacteria; p__Proteobacteria; c__Gammaproteobacteria; o__Methylococcales; f__Methylomonadaceae; g__OPU3-GD-OMZ; s__OPU3-GD-OMZ sp001901525	58871.94433347348	89	7.8e-125	1.0	0.0037	0.0036,0.0001,0.0	Unknown
SI072_150m_MetaT_QC_Filtered	k147_218723_3	XmoA	1	247	r__Root; d__Bacteria; p__Proteobacteria; c__Gammaproteobacteria; o__Methylococcales; f__Methylomonadaceae; g__OPU3-GD-OMZ; s__OPU3-GD-OMZ sp001901525	55944.53232741025	89	7.8e-125	1.0	0.0037	0.0036,0.0001,0.0	Unknown
SI072_150m_MetaT_QC_Filtered	k147_277768_4	XmoA	1	247	r__Root	963.34373553373	103	5.3e-126	1.0	0.0367	0.011,0.0256,0.0	Unknown
SI072_150m_MetaT_QC_Filtered	k147_222487_2	XmoA	4	131	r__Root; d__Bacteria; p__Proteobacteria; c__Gammaproteobacteria; o__Methylococcales; f__Methylococcaceae	0.0	35	8.2e-54	0.7578663371	0.1462	0.0061,0.0574,0.0826	Unknown
SI072_150m_MetaT_QC_Filtered	k147_314425_5	XmoA	1	181	r__Root; d__Bacteria; p__Proteobacteria; c__Gammaproteobacteria; o__Methylococcales; f__Methylomonadaceae; g__OPU3-GD-OMZ; s__OPU3-GD-OMZ sp001901525	21270.080476693573	89	9.3e-89	1.0	0.0139	0.0001,0.0138,0.0	Unknown
SI072_150m_MetaT_QC_Filtered	k147_519870_3	XmoA	6	253	r__Root; d__Bacteria; p__Proteobacteria; c__Betaproteobacteria; o__Nitrosomonadales; f__Nitrosomonadaceae; g__Nitrosospira	378.0190454927523	22	1.5e-109	1.0	0.1115	0.043,0.0685,0.0	AmoA_AOB
SI072_150m_MetaT_QC_Filtered	k147_15305_2	XmoA	1	247	r__Root; d__Bacteria; p__Proteobacteria; c__Gammaproteobacteria; o__Methylococcales; f__Methylomonadaceae; g__OPU3-GD-OMZ; s__OPU3-GD-OMZ sp001901525	55423.79076863938	89	7.8e-125	1.0	0.0037	0.0036,0.0001,0.0	Unknown
SI072_150m_MetaT_QC_Filtered	k147_449783_3	XmoA	1	247	r__Root; d__Bacteria; p__Proteobacteria; c__Gammaproteobacteria; o__Methylococcales; f__Methylomonadaceae; g__OPU3-GD-OMZ; s__OPU3-GD-OMZ sp001901525	40068.95183299044	89	5e-125	1.0	0.0002	0.0001,0.0001,0.0	Unknown
SI072_150m_MetaT_QC_Filtered	k147_299367_1	XmoA	6	253	r__Root; d__Bacteria; p__Proteobacteria; c__Betaproteobacteria; o__Nitrosomonadales; f__Nitrosomonadaceae; g__Nitrosospira	441.0222197415444	22	1.5e-109	1.0	0.1115	0.043,0.0685,0.0	AmoA_AOB
SI072_150m_MetaT_QC_Filtered	k147_454285_2	XmoA	1	247	r__Root; d__Bacteria; p__Proteobacteria; c__Gammaproteobacteria; o__Methylococcales; f__Methylomonadaceae; g__OPU3-GD-OMZ; s__OPU3-GD-OMZ sp001901525	35959.31574755551	89	4e-125	1.0	0.0187	0.01,0.0087,0.0	Unknown
SI072_150m_MetaT_QC_Filtered	k147_372277_2	XmoA	1	159	r__Root	504.8971360239675	103	1.1e-77	1.0	0.0349	0.0095,0.0254,0.0	Unknown
SI072_165m_MetaT_QC_Filtered	k147_174999_2	XmoA	1	210	r__Root; d__Bacteria; p__Proteobacteria; c__Betaproteobacteria; o__Nitrosomonadales; f__Nitrosomonadaceae; g__Nitrosospira	0.0	22	1.2e-98	1.0	0.1124	0.0505,0.0619,0.0	AmoA_AOB
SI072_165m_MetaT_QC_Filtered	k147_663727_2	XmoA	1	76	r__Root; d__Bacteria; p__Proteobacteria; c__Gammaproteobacteria; o__Methylococcales; f__Methylomonadaceae; g__OPU3-GD-OMZ; s__OPU3-GD-OMZ sp001901525	5790.9046692532165	89	2.3e-37	1.0	0.0279	0.0278,0.0001,0.0	Unknown
SI072_165m_MetaT_QC_Filtered	k147_348694_2	XmoA	1	106	r__Root; d__Bacteria; p__Proteobacteria; c__Betaproteobacteria; o__Nitrosomonadales; f__Nitrosomonadaceae; g__Nitrosospira	274.399790481537	22	8.7e-44	0.811625242	0.1203	0.0448,0.0754,0.0	AmoA_AOB
SI072_165m_MetaT_QC_Filtered	k147_475652_2	XmoA	1	76	r__Root; d__Bacteria; p__Proteobacteria; c__Gammaproteobacteria; o__Methylococcales; f__Methylomonadaceae; g__OPU3-GD-OMZ; s__OPU3-GD-OMZ sp001901525	19225.80350192068	89	1.4e-36	1.0	0.0002	0.0001,0.0001,0.0	Unknown
SI072_165m_MetaT_QC_Filtered	k147_240226_3	XmoA	1	210	r__Root; d__Bacteria; p__Proteobacteria; c__Betaproteobacteria; o__Nitrosomonadales; f__Nitrosomonadaceae; g__Nitrosospira	1981.7762645888783	22	1.2e-98	1.0	0.1124	0.0505,0.0619,0.0	AmoA_AOB
SI072_165m_MetaT_QC_Filtered	k147_77634_1	XmoA	1	199	r__Root	8604.294937712517	103	1.8e-106	1.0	0.0402	0.0088,0.0314,0.0	Unknown
SI072_165m_MetaT_QC_Filtered	k147_63191_1	XmoA	1	88	r__Root	2547.998054471415	103	7.4e-45	1.0	0.0506	0.0241,0.0265,0.0	Unknown
SI072_165m_MetaT_QC_Filtered	k147_73233_2	XmoA	1	63	r__Root; d__Bacteria; p__Proteobacteria; c__Betaproteobacteria; o__Nitrosomonadales; f__Nitrosomonadaceae; g__Nitrosospira; s__Nitrosospira multiformis	0.0	22	1.1e-27	0.5384223024	0.0581	0.0172,0.0409,0.0	AmoA_AOB
SI072_165m_MetaT_QC_Filtered	k147_115513_6	XmoA	6	253	r__Root; d__Bacteria; p__Proteobacteria; c__Betaproteobacteria; o__Nitrosomonadales; f__Nitrosomonadaceae; g__Nitrosospira	0.0	22	1.5e-109	1.0	0.1115	0.043,0.0685,0.0	AmoA_AOB
SI072_165m_MetaT_QC_Filtered	k147_38346_11	XmoA	1	247	r__Root; d__Bacteria; p__Proteobacteria; c__Gammaproteobacteria; o__Methylococcales; f__Methylomonadaceae; g__OPU3-GD-OMZ; s__OPU3-GD-OMZ sp001901525	33442.474464937324	89	7.8e-125	1.0	0.0037	0.0036,0.0001,0.0	Unknown
SI072_165m_MetaT_QC_Filtered	k147_218723_3	XmoA	1	247	r__Root; d__Bacteria; p__Proteobacteria; c__Gammaproteobacteria; o__Methylococcales; f__Methylomonadaceae; g__OPU3-GD-OMZ; s__OPU3-GD-OMZ sp001901525	31500.653366973227	89	7.8e-125	1.0	0.0037	0.0036,0.0001,0.0	Unknown
SI072_165m_MetaT_QC_Filtered	k147_277768_4	XmoA	1	247	r__Root	17407.922708148708	103	5.3e-126	1.0	0.0367	0.011,0.0256,0.0	Unknown
SI072_165m_MetaT_QC_Filtered	k147_222487_2	XmoA	4	131	r__Root; d__Bacteria; p__Proteobacteria; c__Gammaproteobacteria; o__Methylococcales; f__Methylococcaceae	0.0	35	8.2e-54	0.7578663371	0.1462	0.0061,0.0574,0.0826	Unknown
SI072_165m_MetaT_QC_Filtered	k147_314425_5	XmoA	1	181	r__Root; d__Bacteria; p__Proteobacteria; c__Gammaproteobacteria; o__Methylococcales; f__Methylomonadaceae; g__OPU3-GD-OMZ; s__OPU3-GD-OMZ sp001901525	6996.436646808252	89	9.3e-89	1.0	0.0139	0.0001,0.0138,0.0	Unknown
SI072_165m_MetaT_QC_Filtered	k147_519870_3	XmoA	6	253	r__Root; d__Bacteria; p__Proteobacteria; c__Betaproteobacteria; o__Nitrosomonadales; f__Nitrosomonadaceae; g__Nitrosospira	0.0	22	1.5e-109	1.0	0.1115	0.043,0.0685,0.0	AmoA_AOB
SI072_165m_MetaT_QC_Filtered	k147_15305_2	XmoA	1	247	r__Root; d__Bacteria; p__Proteobacteria; c__Gammaproteobacteria; o__Methylococcales; f__Methylomonadaceae; g__OPU3-GD-OMZ; s__OPU3-GD-OMZ sp001901525	34233.58676410789	89	7.8e-125	1.0	0.0037	0.0036,0.0001,0.0	Unknown
SI072_165m_MetaT_QC_Filtered	k147_449783_3	XmoA	1	247	r__Root; d__Bacteria; p__Proteobacteria; c__Gammaproteobacteria; o__Methylococcales; f__Methylomonadaceae; g__OPU3-GD-OMZ; s__OPU3-GD-OMZ sp001901525	22007.3057769265	89	5e-125	1.0	0.0002	0.0001,0.0001,0.0	Unknown
SI072_165m_MetaT_QC_Filtered	k147_299367_1	XmoA	6	253	r__Root; d__Bacteria; p__Proteobacteria; c__Betaproteobacteria; o__Nitrosomonadales; f__Nitrosomonadaceae; g__Nitrosospira	0.0	22	1.5e-109	1.0	0.1115	0.043,0.0685,0.0	AmoA_AOB
SI072_165m_MetaT_QC_Filtered	k147_454285_2	XmoA	1	247	r__Root; d__Bacteria; p__Proteobacteria; c__Gammaproteobacteria; o__Methylococcales; f__Methylomonadaceae; g__OPU3-GD-OMZ; s__OPU3-GD-OMZ sp001901525	12442.038886955177	89	4e-125	1.0	0.0187	0.01,0.0087,0.0	Unknown
SI072_165m_MetaT_QC_Filtered	k147_372277_2	XmoA	1	159	r__Root	11890.657587533271	103	1.1e-77	1.0	0.0349	0.0095,0.0254,0.0	Unknown
SI072_200m_MetaT_QC_Filtered	k147_174999_2	XmoA	1	210	r__Root; d__Bacteria; p__Proteobacteria; c__Betaproteobacteria; o__Nitrosomonadales; f__Nitrosomonadaceae; g__Nitrosospira	5314.371703326092	22	1.2e-98	1.0	0.1124	0.0505,0.0619,0.0	AmoA_AOB
SI072_200m_MetaT_QC_Filtered	k147_663727_2	XmoA	1	76	r__Root; d__Bacteria; p__Proteobacteria; c__Gammaproteobacteria; o__Methylococcales; f__Methylomonadaceae; g__OPU3-GD-OMZ; s__OPU3-GD-OMZ sp001901525	0.0	89	2.3e-37	1.0	0.0279	0.0278,0.0001,0.0	Unknown
SI072_200m_MetaT_QC_Filtered	k147_348694_2	XmoA	1	106	r__Root; d__Bacteria; p__Proteobacteria; c__Betaproteobacteria; o__Nitrosomonadales; f__Nitrosomonadaceae; g__Nitrosospira	0.0	22	8.7e-44	0.811625242	0.1203	0.0448,0.0754,0.0	AmoA_AOB
SI072_200m_MetaT_QC_Filtered	k147_475652_2	XmoA	1	76	r__Root; d__Bacteria; p__Proteobacteria; c__Gammaproteobacteria; o__Methylococcales; f__Methylomonadaceae; g__OPU3-GD-OMZ; s__OPU3-GD-OMZ sp001901525	0.0	89	1.4e-36	1.0	0.0002	0.0001,0.0001,0.0	Unknown
SI072_200m_MetaT_QC_Filtered	k147_240226_3	XmoA	1	210	r__Root; d__Bacteria; p__Proteobacteria; c__Betaproteobacteria; o__Nitrosomonadales; f__Nitrosomonadaceae; g__Nitrosospira	0.0	22	1.2e-98	1.0	0.1124	0.0505,0.0619,0.0	AmoA_AOB
SI072_200m_MetaT_QC_Filtered	k147_77634_1	XmoA	1	199	r__Root	17497.368542810324	103	1.8e-106	1.0	0.0402	0.0088,0.0314,0.0	Unknown
SI072_200m_MetaT_QC_Filtered	k147_63191_1	XmoA	1	88	r__Root	8199.316342274542	103	7.4e-45	1.0	0.0506	0.0241,0.0265,0.0	Unknown
SI072_200m_MetaT_QC_Filtered	k147_73233_2	XmoA	1	63	r__Root; d__Bacteria; p__Proteobacteria; c__Betaproteobacteria; o__Nitrosomonadales; f__Nitrosomonadaceae; g__Nitrosospira; s__Nitrosospira multiformis	0.0	22	1.1e-27	0.5384223024	0.0581	0.0172,0.0409,0.0	AmoA_AOB
SI072_200m_MetaT_QC_Filtered	k147_115513_6	XmoA	6	253	r__Root; d__Bacteria; p__Proteobacteria; c__Betaproteobacteria; o__Nitrosomonadales; f__Nitrosomonadaceae; g__Nitrosospira	0.0	22	1.5e-109	1.0	0.1115	0.043,0.0685,0.0	AmoA_AOB
SI072_200m_MetaT_QC_Filtered	k147_38346_11	XmoA	1	247	r__Root; d__Bacteria; p__Proteobacteria; c__Gammaproteobacteria; o__Methylococcales; f__Methylomonadaceae; g__OPU3-GD-OMZ; s__OPU3-GD-OMZ sp001901525	19054.594026603067	89	7.8e-125	1.0	0.0037	0.0036,0.0001,0.0	Unknown
SI072_200m_MetaT_QC_Filtered	k147_218723_3	XmoA	1	247	r__Root; d__Bacteria; p__Proteobacteria; c__Gammaproteobacteria; o__Methylococcales; f__Methylomonadaceae; g__OPU3-GD-OMZ; s__OPU3-GD-OMZ sp001901525	8022.986958569712	89	7.8e-125	1.0	0.0037	0.0036,0.0001,0.0	Unknown
SI072_200m_MetaT_QC_Filtered	k147_277768_4	XmoA	1	247	r__Root	24871.25957156611	103	5.3e-126	1.0	0.0367	0.011,0.0256,0.0	Unknown
SI072_200m_MetaT_QC_Filtered	k147_222487_2	XmoA	4	131	r__Root; d__Bacteria; p__Proteobacteria; c__Gammaproteobacteria; o__Methylococcales; f__Methylococcaceae	0.0	35	8.2e-54	0.7578663371	0.1462	0.0061,0.0574,0.0826	Unknown
SI072_200m_MetaT_QC_Filtered	k147_314425_5	XmoA	1	181	r__Root; d__Bacteria; p__Proteobacteria; c__Gammaproteobacteria; o__Methylococcales; f__Methylomonadaceae; g__OPU3-GD-OMZ; s__OPU3-GD-OMZ sp001901525	5496.410955042234	89	9.3e-89	1.0	0.0139	0.0001,0.0138,0.0	Unknown
SI072_200m_MetaT_QC_Filtered	k147_519870_3	XmoA	6	253	r__Root; d__Bacteria; p__Proteobacteria; c__Betaproteobacteria; o__Nitrosomonadales; f__Nitrosomonadaceae; g__Nitrosospira	0.0	22	1.5e-109	1.0	0.1115	0.043,0.0685,0.0	AmoA_AOB
SI072_200m_MetaT_QC_Filtered	k147_15305_2	XmoA	1	247	r__Root; d__Bacteria; p__Proteobacteria; c__Gammaproteobacteria; o__Methylococcales; f__Methylomonadaceae; g__OPU3-GD-OMZ; s__OPU3-GD-OMZ sp001901525	23066.08750588792	89	7.8e-125	1.0	0.0037	0.0036,0.0001,0.0	Unknown
SI072_200m_MetaT_QC_Filtered	k147_449783_3	XmoA	1	247	r__Root; d__Bacteria; p__Proteobacteria; c__Gammaproteobacteria; o__Methylococcales; f__Methylomonadaceae; g__OPU3-GD-OMZ; s__OPU3-GD-OMZ sp001901525	18051.72065678185	89	5e-125	1.0	0.0002	0.0001,0.0001,0.0	Unknown
SI072_200m_MetaT_QC_Filtered	k147_299367_1	XmoA	6	253	r__Root; d__Bacteria; p__Proteobacteria; c__Betaproteobacteria; o__Nitrosomonadales; f__Nitrosomonadaceae; g__Nitrosospira	8978.79406915744	22	1.5e-109	1.0	0.1115	0.043,0.0685,0.0	AmoA_AOB
SI072_200m_MetaT_QC_Filtered	k147_454285_2	XmoA	1	247	r__Root; d__Bacteria; p__Proteobacteria; c__Gammaproteobacteria; o__Methylococcales; f__Methylomonadaceae; g__OPU3-GD-OMZ; s__OPU3-GD-OMZ sp001901525	18051.72065678185	89	4e-125	1.0	0.0187	0.01,0.0087,0.0	Unknown
SI072_200m_MetaT_QC_Filtered	k147_372277_2	XmoA	1	159	r__Root	9385.380970402304	103	1.1e-77	1.0	0.0349	0.0095,0.0254,0.0	Unknown