Sample	Query	Marker	Start_pos	End_pos	Taxonomy	Abundance	iNode	E-value	LWR	EvoDist	Distances	CuMMO
SI072_100m_pe	k147_73233_2	XmoA	1	63	r__Root; d__Bacteria; p__Proteobacteria; c__Betaproteobacteria; o__Nitrosomonadales; f__Nitrosomonadaceae; g__Nitrosospira; s__Nitrosospira multiformis	0.0	16	3.4e-27	0.5583269028	0.0705	0.0308,0.0397,0.0	AmoA_AOB
SI072_100m_pe	k147_299367_1	XmoA	6	253	r__Root; d__Bacteria; p__Proteobacteria; c__Betaproteobacteria; o__Nitrosomonadales; f__Nitrosomonadaceae; g__Nitrosospira	18354.793095432786	16	9.6e-109	1.0	0.0994	0.0472,0.0522,0.0	AmoA_AOB
SI072_100m_pe	k147_218723_3	XmoA	1	247	r__Root; d__Bacteria; p__Proteobacteria; c__Gammaproteobacteria; o__Methylococcales; f__Methylococcaceae; g__OPU3-GD-OMZ; s__OPU3-GD-OMZ sp001901525	2378.1298860582506	104	4e-122	1.0	0.004	0.0001,0.004,0.0	PmoA
SI072_100m_pe	k147_38346_11	XmoA	1	247	r__Root; d__Bacteria; p__Proteobacteria; c__Gammaproteobacteria; o__Methylococcales; f__Methylococcaceae; g__OPU3-GD-OMZ; s__OPU3-GD-OMZ sp001901525	3690.2015473317683	104	4e-122	1.0	0.004	0.0001,0.004,0.0	PmoA
SI072_100m_pe	k147_277768_4	XmoA	1	247	r__Root; d__Bacteria; p__Proteobacteria; c__Gammaproteobacteria; o__Methylococcales; f__Methylococcaceae; g__Methyloprofundus; s__Methyloprofundus sp.	0.0	117	4.3e-125	1.0	0.0454	0.0144,0.0309,0.0	PmoA
SI072_100m_pe	k147_222487_2	XmoA	5	131	r__Root; d__Bacteria; p__Proteobacteria; c__Gammaproteobacteria; o__Methylococcales	0.0	29	6.4e-51	0.8073166339	0.1051	0.0296,0.0409,0.0346	PxmA
SI072_100m_pe	k147_454285_2	XmoA	1	247	r__Root; d__Bacteria; p__Proteobacteria; c__Gammaproteobacteria; o__Methylococcales; f__Methylococcaceae; g__OPU3-GD-OMZ; s__OPU3-GD-OMZ sp001901525	3608.197068502174	104	1.1e-122	1.0	0.0121	0.0043,0.0078,0.0	PmoA
SI072_100m_pe	k147_372277_2	XmoA	1	159	r__Root; d__Bacteria; p__Proteobacteria; c__Gammaproteobacteria; o__Methylococcales; f__Methylococcaceae; g__Methyloprofundus; s__Methyloprofundus sp.	0.0	117	1.4e-76	1.0	0.0389	0.0037,0.0352,0.0	PmoA
SI072_100m_pe	k147_519870_3	XmoA	6	253	r__Root; d__Bacteria; p__Proteobacteria; c__Betaproteobacteria; o__Nitrosomonadales; f__Nitrosomonadaceae; g__Nitrosospira	16812.990475416427	16	9.6e-109	1.0	0.0994	0.0472,0.0522,0.0	AmoA_AOB
SI072_100m_pe	k147_449783_3	XmoA	1	247	r__Root; d__Bacteria; p__Proteobacteria; c__Gammaproteobacteria; o__Methylococcales; f__Methylococcaceae; g__OPU3-GD-OMZ; s__OPU3-GD-OMZ sp001901525	1394.0761401031127	104	2.5e-122	1.0	0.0002	0.0001,0.0001,0.0	PmoA
SI072_100m_pe	k147_115513_6	XmoA	6	253	r__Root; d__Bacteria; p__Proteobacteria; c__Betaproteobacteria; o__Nitrosomonadales; f__Nitrosomonadaceae; g__Nitrosospira	18428.212267814513	16	9.6e-109	1.0	0.0994	0.0472,0.0522,0.0	AmoA_AOB
SI072_100m_pe	k147_15305_2	XmoA	1	247	r__Root; d__Bacteria; p__Proteobacteria; c__Gammaproteobacteria; o__Methylococcales; f__Methylococcaceae; g__OPU3-GD-OMZ; s__OPU3-GD-OMZ sp001901525	2870.15675903582	104	4e-122	1.0	0.004	0.0001,0.004,0.0	PmoA
SI072_100m_pe	k147_314425_5	XmoA	1	181	r__Root; d__Bacteria; p__Proteobacteria; c__Gammaproteobacteria; o__Methylococcales; f__Methylococcaceae; g__OPU3-GD-OMZ; s__OPU3-GD-OMZ sp001901525	1348.3167347893607	104	6.4e-87	1.0	0.0144	0.0045,0.0099,0.0	PmoA
SI072_100m_pe	k147_348694_2	XmoA	1	106	r__Root; d__Bacteria; p__Proteobacteria; c__Betaproteobacteria; o__Nitrosomonadales; f__Nitrosomonadaceae; g__Nitrosospira	5631.815284543252	16	8.2e-44	0.6796383563	0.0969	0.0464,0.0505,0.0	AmoA_AOB
SI072_100m_pe	k147_174999_2	XmoA	1	210	r__Root; d__Bacteria; p__Proteobacteria; c__Betaproteobacteria; o__Nitrosomonadales; f__Nitrosomonadaceae	12080.591428264077	17	2.1e-98	0.8422861991	0.1144	0.0286,0.0317,0.0541	AmoA_AOB
SI072_100m_pe	k147_63191_1	XmoA	1	88	r__Root; d__Bacteria; p__Proteobacteria; c__Gammaproteobacteria; o__Methylococcales; f__Methylococcaceae; g__Methyloprofundus; s__Methyloprofundus sp.	0.0	117	4.9e-45	0.341094466	0.0772	0.0465,0.0307,0.0	PmoA
SI072_100m_pe	k147_240226_3	XmoA	1	210	r__Root; d__Bacteria; p__Proteobacteria; c__Betaproteobacteria; o__Nitrosomonadales; f__Nitrosomonadaceae	12428.234347063042	17	2.1e-98	0.8422861991	0.1144	0.0286,0.0317,0.0541	AmoA_AOB
SI072_100m_pe	k147_475652_2	XmoA	1	76	r__Root; d__Bacteria; p__Proteobacteria; c__Gammaproteobacteria; o__Methylococcales; f__Methylococcaceae; g__OPU3-GD-OMZ; s__OPU3-GD-OMZ sp001901525	1848.8282499763202	104	2.3e-36	1.0	0.0002	0.0001,0.0001,0.0	PmoA
SI072_100m_pe	k147_663727_2	XmoA	1	76	r__Root; d__Bacteria; p__Proteobacteria; c__Gammaproteobacteria; o__Methylococcales; f__Methylococcaceae; g__OPU3-GD-OMZ; s__OPU3-GD-OMZ sp001901525	2377.0648928266974	104	4.1e-37	1.0	0.0002	0.0001,0.0001,0.0	PmoA
SI072_100m_pe	k147_77634_1	XmoA	1	199	r__Root; d__Bacteria; p__Proteobacteria; c__Gammaproteobacteria; o__Methylococcales; f__Methylococcaceae; g__Methyloprofundus; s__Methyloprofundus sp.	0.0	117	5.4e-107	1.0	0.0523	0.0189,0.0334,0.0	PmoA
SI072_10m_pe	k147_73233_2	XmoA	1	63	r__Root; d__Bacteria; p__Proteobacteria; c__Betaproteobacteria; o__Nitrosomonadales; f__Nitrosomonadaceae; g__Nitrosospira; s__Nitrosospira multiformis	40862.22953635988	16	3.4e-27	0.5583269028	0.0705	0.0308,0.0397,0.0	AmoA_AOB
SI072_10m_pe	k147_299367_1	XmoA	6	253	r__Root; d__Bacteria; p__Proteobacteria; c__Betaproteobacteria; o__Nitrosomonadales; f__Nitrosomonadaceae; g__Nitrosospira	92935.75670724451	16	9.6e-109	1.0	0.0994	0.0472,0.0522,0.0	AmoA_AOB
SI072_10m_pe	k147_218723_3	XmoA	1	247	r__Root; d__Bacteria; p__Proteobacteria; c__Gammaproteobacteria; o__Methylococcales; f__Methylococcaceae; g__OPU3-GD-OMZ; s__OPU3-GD-OMZ sp001901525	0.0	104	4e-122	1.0	0.004	0.0001,0.004,0.0	PmoA
SI072_10m_pe	k147_38346_11	XmoA	1	247	r__Root; d__Bacteria; p__Proteobacteria; c__Gammaproteobacteria; o__Methylococcales; f__Methylococcaceae; g__OPU3-GD-OMZ; s__OPU3-GD-OMZ sp001901525	0.0	104	4e-122	1.0	0.004	0.0001,0.004,0.0	PmoA
SI072_10m_pe	k147_277768_4	XmoA	1	247	r__Root; d__Bacteria; p__Proteobacteria; c__Gammaproteobacteria; o__Methylococcales; f__Methylococcaceae; g__Methyloprofundus; s__Methyloprofundus sp.	0.0	117	4.3e-125	1.0	0.0454	0.0144,0.0309,0.0	PmoA
SI072_10m_pe	k147_222487_2	XmoA	5	131	r__Root; d__Bacteria; p__Proteobacteria; c__Gammaproteobacteria; o__Methylococcales	0.0	29	6.4e-51	0.8073166339	0.1051	0.0296,0.0409,0.0346	PxmA
SI072_10m_pe	k147_454285_2	XmoA	1	247	r__Root; d__Bacteria; p__Proteobacteria; c__Gammaproteobacteria; o__Methylococcales; f__Methylococcaceae; g__OPU3-GD-OMZ; s__OPU3-GD-OMZ sp001901525	0.0	104	1.1e-122	1.0	0.0121	0.0043,0.0078,0.0	PmoA
SI072_10m_pe	k147_372277_2	XmoA	1	159	r__Root; d__Bacteria; p__Proteobacteria; c__Gammaproteobacteria; o__Methylococcales; f__Methylococcaceae; g__Methyloprofundus; s__Methyloprofundus sp.	0.0	117	1.4e-76	1.0	0.0389	0.0037,0.0352,0.0	PmoA
SI072_10m_pe	k147_519870_3	XmoA	6	253	r__Root; d__Bacteria; p__Proteobacteria; c__Betaproteobacteria; o__Nitrosomonadales; f__Nitrosomonadaceae; g__Nitrosospira	0.0	16	9.6e-109	1.0	0.0994	0.0472,0.0522,0.0	AmoA_AOB
SI072_10m_pe	k147_449783_3	XmoA	1	247	r__Root; d__Bacteria; p__Proteobacteria; c__Gammaproteobacteria; o__Methylococcales; f__Methylococcaceae; g__OPU3-GD-OMZ; s__OPU3-GD-OMZ sp001901525	0.0	104	2.5e-122	1.0	0.0002	0.0001,0.0001,0.0	PmoA
SI072_10m_pe	k147_115513_6	XmoA	6	253	r__Root; d__Bacteria; p__Proteobacteria; c__Betaproteobacteria; o__Nitrosomonadales; f__Nitrosomonadaceae; g__Nitrosospira	0.0	16	9.6e-109	1.0	0.0994	0.0472,0.0522,0.0	AmoA_AOB
SI072_10m_pe	k147_15305_2	XmoA	1	247	r__Root; d__Bacteria; p__Proteobacteria; c__Gammaproteobacteria; o__Methylococcales; f__Methylococcaceae; g__OPU3-GD-OMZ; s__OPU3-GD-OMZ sp001901525	0.0	104	4e-122	1.0	0.004	0.0001,0.004,0.0	PmoA
SI072_10m_pe	k147_314425_5	XmoA	1	181	r__Root; d__Bacteria; p__Proteobacteria; c__Gammaproteobacteria; o__Methylococcales; f__Methylococcaceae; g__OPU3-GD-OMZ; s__OPU3-GD-OMZ sp001901525	0.0	104	6.4e-87	1.0	0.0144	0.0045,0.0099,0.0	PmoA
SI072_10m_pe	k147_348694_2	XmoA	1	106	r__Root; d__Bacteria; p__Proteobacteria; c__Betaproteobacteria; o__Nitrosomonadales; f__Nitrosomonadaceae; g__Nitrosospira	0.0	16	8.2e-44	0.6796383563	0.0969	0.0464,0.0505,0.0	AmoA_AOB
SI072_10m_pe	k147_174999_2	XmoA	1	210	r__Root; d__Bacteria; p__Proteobacteria; c__Betaproteobacteria; o__Nitrosomonadales; f__Nitrosomonadaceae	0.0	17	2.1e-98	0.8422861991	0.1144	0.0286,0.0317,0.0541	AmoA_AOB
SI072_10m_pe	k147_63191_1	XmoA	1	88	r__Root; d__Bacteria; p__Proteobacteria; c__Gammaproteobacteria; o__Methylococcales; f__Methylococcaceae; g__Methyloprofundus; s__Methyloprofundus sp.	0.0	117	4.9e-45	0.341094466	0.0772	0.0465,0.0307,0.0	PmoA
SI072_10m_pe	k147_240226_3	XmoA	1	210	r__Root; d__Bacteria; p__Proteobacteria; c__Betaproteobacteria; o__Nitrosomonadales; f__Nitrosomonadaceae	0.0	17	2.1e-98	0.8422861991	0.1144	0.0286,0.0317,0.0541	AmoA_AOB
SI072_10m_pe	k147_475652_2	XmoA	1	76	r__Root; d__Bacteria; p__Proteobacteria; c__Gammaproteobacteria; o__Methylococcales; f__Methylococcaceae; g__OPU3-GD-OMZ; s__OPU3-GD-OMZ sp001901525	0.0	104	2.3e-36	1.0	0.0002	0.0001,0.0001,0.0	PmoA
SI072_10m_pe	k147_663727_2	XmoA	1	76	r__Root; d__Bacteria; p__Proteobacteria; c__Gammaproteobacteria; o__Methylococcales; f__Methylococcaceae; g__OPU3-GD-OMZ; s__OPU3-GD-OMZ sp001901525	0.0	104	4.1e-37	1.0	0.0002	0.0001,0.0001,0.0	PmoA
SI072_10m_pe	k147_77634_1	XmoA	1	199	r__Root; d__Bacteria; p__Proteobacteria; c__Gammaproteobacteria; o__Methylococcales; f__Methylococcaceae; g__Methyloprofundus; s__Methyloprofundus sp.	0.0	117	5.4e-107	1.0	0.0523	0.0189,0.0334,0.0	PmoA
SI072_120m_pe	k147_73233_2	XmoA	1	63	r__Root; d__Bacteria; p__Proteobacteria; c__Betaproteobacteria; o__Nitrosomonadales; f__Nitrosomonadaceae; g__Nitrosospira; s__Nitrosospira multiformis	0.0	16	3.4e-27	0.5583269028	0.0705	0.0308,0.0397,0.0	AmoA_AOB
SI072_120m_pe	k147_299367_1	XmoA	6	253	r__Root; d__Bacteria; p__Proteobacteria; c__Betaproteobacteria; o__Nitrosomonadales; f__Nitrosomonadaceae; g__Nitrosospira	10899.998249428625	16	9.6e-109	1.0	0.0994	0.0472,0.0522,0.0	AmoA_AOB
SI072_120m_pe	k147_218723_3	XmoA	1	247	r__Root; d__Bacteria; p__Proteobacteria; c__Gammaproteobacteria; o__Methylococcales; f__Methylococcaceae; g__OPU3-GD-OMZ; s__OPU3-GD-OMZ sp001901525	1905.5887542654673	104	4e-122	1.0	0.004	0.0001,0.004,0.0	PmoA
SI072_120m_pe	k147_38346_11	XmoA	1	247	r__Root; d__Bacteria; p__Proteobacteria; c__Gammaproteobacteria; o__Methylococcales; f__Methylococcaceae; g__OPU3-GD-OMZ; s__OPU3-GD-OMZ sp001901525	4128.775634241846	104	4e-122	1.0	0.004	0.0001,0.004,0.0	PmoA
SI072_120m_pe	k147_277768_4	XmoA	1	247	r__Root; d__Bacteria; p__Proteobacteria; c__Gammaproteobacteria; o__Methylococcales; f__Methylococcaceae; g__Methyloprofundus; s__Methyloprofundus sp.	0.0	117	4.3e-125	1.0	0.0454	0.0144,0.0309,0.0	PmoA
SI072_120m_pe	k147_222487_2	XmoA	5	131	r__Root; d__Bacteria; p__Proteobacteria; c__Gammaproteobacteria; o__Methylococcales	3607.5268019682126	29	6.4e-51	0.8073166339	0.1051	0.0296,0.0409,0.0346	PxmA
SI072_120m_pe	k147_454285_2	XmoA	1	247	r__Root; d__Bacteria; p__Proteobacteria; c__Gammaproteobacteria; o__Methylococcales; f__Methylococcaceae; g__OPU3-GD-OMZ; s__OPU3-GD-OMZ sp001901525	4234.641676145483	104	1.1e-122	1.0	0.0121	0.0043,0.0078,0.0	PmoA
SI072_120m_pe	k147_372277_2	XmoA	1	159	r__Root; d__Bacteria; p__Proteobacteria; c__Gammaproteobacteria; o__Methylococcales; f__Methylococcaceae; g__Methyloprofundus; s__Methyloprofundus sp.	990.7463544189433	117	1.4e-76	1.0	0.0389	0.0037,0.0352,0.0	PmoA
SI072_120m_pe	k147_519870_3	XmoA	6	253	r__Root; d__Bacteria; p__Proteobacteria; c__Betaproteobacteria; o__Nitrosomonadales; f__Nitrosomonadaceae; g__Nitrosospira	12037.389371108133	16	9.6e-109	1.0	0.0994	0.0472,0.0522,0.0	AmoA_AOB
SI072_120m_pe	k147_449783_3	XmoA	1	247	r__Root; d__Bacteria; p__Proteobacteria; c__Gammaproteobacteria; o__Methylococcales; f__Methylococcaceae; g__OPU3-GD-OMZ; s__OPU3-GD-OMZ sp001901525	4763.971885663668	104	2.5e-122	1.0	0.0002	0.0001,0.0001,0.0	PmoA
SI072_120m_pe	k147_115513_6	XmoA	6	253	r__Root; d__Bacteria; p__Proteobacteria; c__Betaproteobacteria; o__Nitrosomonadales; f__Nitrosomonadaceae; g__Nitrosospira	11279.128623321794	16	9.6e-109	1.0	0.0994	0.0472,0.0522,0.0	AmoA_AOB
SI072_120m_pe	k147_15305_2	XmoA	1	247	r__Root; d__Bacteria; p__Proteobacteria; c__Gammaproteobacteria; o__Methylococcales; f__Methylococcaceae; g__OPU3-GD-OMZ; s__OPU3-GD-OMZ sp001901525	3175.9812571091124	104	4e-122	1.0	0.004	0.0001,0.004,0.0	PmoA
SI072_120m_pe	k147_314425_5	XmoA	1	181	r__Root; d__Bacteria; p__Proteobacteria; c__Gammaproteobacteria; o__Methylococcales; f__Methylococcaceae; g__OPU3-GD-OMZ; s__OPU3-GD-OMZ sp001901525	1450.5402426575688	104	6.4e-87	1.0	0.0144	0.0045,0.0099,0.0	PmoA
SI072_120m_pe	k147_348694_2	XmoA	1	106	r__Root; d__Bacteria; p__Proteobacteria; c__Betaproteobacteria; o__Nitrosomonadales; f__Nitrosomonadaceae; g__Nitrosospira	5856.835179776598	16	8.2e-44	0.6796383563	0.0969	0.0464,0.0505,0.0	AmoA_AOB
SI072_120m_pe	k147_174999_2	XmoA	1	210	r__Root; d__Bacteria; p__Proteobacteria; c__Betaproteobacteria; o__Nitrosomonadales; f__Nitrosomonadaceae	5834.395198244887	17	2.1e-98	0.8422861991	0.1144	0.0286,0.0317,0.0541	AmoA_AOB
SI072_120m_pe	k147_63191_1	XmoA	1	88	r__Root; d__Bacteria; p__Proteobacteria; c__Gammaproteobacteria; o__Methylococcales; f__Methylococcaceae; g__Methyloprofundus; s__Methyloprofundus sp.	577.0280965297142	117	4.9e-45	0.341094466	0.0772	0.0465,0.0307,0.0	PmoA
SI072_120m_pe	k147_240226_3	XmoA	1	210	r__Root; d__Bacteria; p__Proteobacteria; c__Betaproteobacteria; o__Nitrosomonadales; f__Nitrosomonadaceae	6170.994921220554	17	2.1e-98	0.8422861991	0.1144	0.0286,0.0317,0.0541	AmoA_AOB
SI072_120m_pe	k147_475652_2	XmoA	1	76	r__Root; d__Bacteria; p__Proteobacteria; c__Gammaproteobacteria; o__Methylococcales; f__Methylococcaceae; g__OPU3-GD-OMZ; s__OPU3-GD-OMZ sp001901525	2386.7980356456355	104	2.3e-36	1.0	0.0002	0.0001,0.0001,0.0	PmoA
SI072_120m_pe	k147_663727_2	XmoA	1	76	r__Root; d__Bacteria; p__Proteobacteria; c__Gammaproteobacteria; o__Methylococcales; f__Methylococcaceae; g__OPU3-GD-OMZ; s__OPU3-GD-OMZ sp001901525	2045.8268876962595	104	4.1e-37	1.0	0.0002	0.0001,0.0001,0.0	PmoA
SI072_120m_pe	k147_77634_1	XmoA	1	199	r__Root; d__Bacteria; p__Proteobacteria; c__Gammaproteobacteria; o__Methylococcales; f__Methylococcaceae; g__Methyloprofundus; s__Methyloprofundus sp.	0.0	117	5.4e-107	1.0	0.0523	0.0189,0.0334,0.0	PmoA
SI072_135m_pe	k147_73233_2	XmoA	1	63	r__Root; d__Bacteria; p__Proteobacteria; c__Betaproteobacteria; o__Nitrosomonadales; f__Nitrosomonadaceae; g__Nitrosospira; s__Nitrosospira multiformis	0.0	16	3.4e-27	0.5583269028	0.0705	0.0308,0.0397,0.0	AmoA_AOB
SI072_135m_pe	k147_299367_1	XmoA	6	253	r__Root; d__Bacteria; p__Proteobacteria; c__Betaproteobacteria; o__Nitrosomonadales; f__Nitrosomonadaceae; g__Nitrosospira	5025.578949639805	16	9.6e-109	1.0	0.0994	0.0472,0.0522,0.0	AmoA_AOB
SI072_135m_pe	k147_218723_3	XmoA	1	247	r__Root; d__Bacteria; p__Proteobacteria; c__Gammaproteobacteria; o__Methylococcales; f__Methylococcaceae; g__OPU3-GD-OMZ; s__OPU3-GD-OMZ sp001901525	4471.570007200698	104	4e-122	1.0	0.004	0.0001,0.004,0.0	PmoA
SI072_135m_pe	k147_38346_11	XmoA	1	247	r__Root; d__Bacteria; p__Proteobacteria; c__Gammaproteobacteria; o__Methylococcales; f__Methylococcaceae; g__OPU3-GD-OMZ; s__OPU3-GD-OMZ sp001901525	7516.043203592662	104	4e-122	1.0	0.004	0.0001,0.004,0.0	PmoA
SI072_135m_pe	k147_277768_4	XmoA	1	247	r__Root; d__Bacteria; p__Proteobacteria; c__Gammaproteobacteria; o__Methylococcales; f__Methylococcaceae; g__Methyloprofundus; s__Methyloprofundus sp.	1038.16535996966	117	4.3e-125	1.0	0.0454	0.0144,0.0309,0.0	PmoA
SI072_135m_pe	k147_222487_2	XmoA	5	131	r__Root; d__Bacteria; p__Proteobacteria; c__Gammaproteobacteria; o__Methylococcales	1801.119639086849	29	6.4e-51	0.8073166339	0.1051	0.0296,0.0409,0.0346	PxmA
SI072_135m_pe	k147_454285_2	XmoA	1	247	r__Root; d__Bacteria; p__Proteobacteria; c__Gammaproteobacteria; o__Methylococcales; f__Methylococcaceae; g__OPU3-GD-OMZ; s__OPU3-GD-OMZ sp001901525	3805.5914954899563	104	1.1e-122	1.0	0.0121	0.0043,0.0078,0.0	PmoA
SI072_135m_pe	k147_372277_2	XmoA	1	159	r__Root; d__Bacteria; p__Proteobacteria; c__Gammaproteobacteria; o__Methylococcales; f__Methylococcaceae; g__Methyloprofundus; s__Methyloprofundus sp.	741.970668932004	117	1.4e-76	1.0	0.0389	0.0037,0.0352,0.0	PmoA
SI072_135m_pe	k147_519870_3	XmoA	6	253	r__Root; d__Bacteria; p__Proteobacteria; c__Betaproteobacteria; o__Nitrosomonadales; f__Nitrosomonadaceae; g__Nitrosospira	5707.0133834892695	16	9.6e-109	1.0	0.0994	0.0472,0.0522,0.0	AmoA_AOB
SI072_135m_pe	k147_449783_3	XmoA	1	247	r__Root; d__Bacteria; p__Proteobacteria; c__Gammaproteobacteria; o__Methylococcales; f__Methylococcaceae; g__OPU3-GD-OMZ; s__OPU3-GD-OMZ sp001901525	4186.150645038952	104	2.5e-122	1.0	0.0002	0.0001,0.0001,0.0	PmoA
SI072_135m_pe	k147_115513_6	XmoA	6	253	r__Root; d__Bacteria; p__Proteobacteria; c__Betaproteobacteria; o__Nitrosomonadales; f__Nitrosomonadaceae; g__Nitrosospira	5621.8340792580875	16	9.6e-109	1.0	0.0994	0.0472,0.0522,0.0	AmoA_AOB
SI072_135m_pe	k147_15305_2	XmoA	1	247	r__Root; d__Bacteria; p__Proteobacteria; c__Gammaproteobacteria; o__Methylococcales; f__Methylococcaceae; g__OPU3-GD-OMZ; s__OPU3-GD-OMZ sp001901525	5042.408731524192	104	4e-122	1.0	0.004	0.0001,0.004,0.0	PmoA
SI072_135m_pe	k147_314425_5	XmoA	1	181	r__Root; d__Bacteria; p__Proteobacteria; c__Gammaproteobacteria; o__Methylococcales; f__Methylococcaceae; g__OPU3-GD-OMZ; s__OPU3-GD-OMZ sp001901525	1955.3591661909718	104	6.4e-87	1.0	0.0144	0.0045,0.0099,0.0	PmoA
SI072_135m_pe	k147_348694_2	XmoA	1	106	r__Root; d__Bacteria; p__Proteobacteria; c__Betaproteobacteria; o__Nitrosomonadales; f__Nitrosomonadaceae; g__Nitrosospira	1451.9795244330908	16	8.2e-44	0.6796383563	0.0969	0.0464,0.0505,0.0	AmoA_AOB
SI072_135m_pe	k147_174999_2	XmoA	1	210	r__Root; d__Bacteria; p__Proteobacteria; c__Betaproteobacteria; o__Nitrosomonadales; f__Nitrosomonadaceae	3428.2849882447977	17	2.1e-98	0.8422861991	0.1144	0.0286,0.0317,0.0541	AmoA_AOB
SI072_135m_pe	k147_63191_1	XmoA	1	88	r__Root; d__Bacteria; p__Proteobacteria; c__Gammaproteobacteria; o__Methylococcales; f__Methylococcaceae; g__Methyloprofundus; s__Methyloprofundus sp.	1296.4102896724025	117	4.9e-45	0.341094466	0.0772	0.0465,0.0307,0.0	PmoA
SI072_135m_pe	k147_240226_3	XmoA	1	210	r__Root; d__Bacteria; p__Proteobacteria; c__Betaproteobacteria; o__Nitrosomonadales; f__Nitrosomonadaceae	3024.9573425689396	17	2.1e-98	0.8422861991	0.1144	0.0286,0.0317,0.0541	AmoA_AOB
SI072_135m_pe	k147_475652_2	XmoA	1	76	r__Root; d__Bacteria; p__Proteobacteria; c__Gammaproteobacteria; o__Methylococcales; f__Methylococcaceae; g__OPU3-GD-OMZ; s__OPU3-GD-OMZ sp001901525	3983.5152537206554	104	2.3e-36	1.0	0.0002	0.0001,0.0001,0.0	PmoA
SI072_135m_pe	k147_663727_2	XmoA	1	76	r__Root; d__Bacteria; p__Proteobacteria; c__Gammaproteobacteria; o__Methylococcales; f__Methylococcaceae; g__OPU3-GD-OMZ; s__OPU3-GD-OMZ sp001901525	2451.3940022896336	104	4.1e-37	1.0	0.0002	0.0001,0.0001,0.0	PmoA
SI072_135m_pe	k147_77634_1	XmoA	1	199	r__Root; d__Bacteria; p__Proteobacteria; c__Gammaproteobacteria; o__Methylococcales; f__Methylococcaceae; g__Methyloprofundus; s__Methyloprofundus sp.	1422.7940063540339	117	5.4e-107	1.0	0.0523	0.0189,0.0334,0.0	PmoA
SI072_150m_pe	k147_73233_2	XmoA	1	63	r__Root; d__Bacteria; p__Proteobacteria; c__Betaproteobacteria; o__Nitrosomonadales; f__Nitrosomonadaceae; g__Nitrosospira; s__Nitrosospira multiformis	0.0	16	3.4e-27	0.5583269028	0.0705	0.0308,0.0397,0.0	AmoA_AOB
SI072_150m_pe	k147_299367_1	XmoA	6	253	r__Root; d__Bacteria; p__Proteobacteria; c__Betaproteobacteria; o__Nitrosomonadales; f__Nitrosomonadaceae; g__Nitrosospira	2513.3208463406495	16	9.6e-109	1.0	0.0994	0.0472,0.0522,0.0	AmoA_AOB
SI072_150m_pe	k147_218723_3	XmoA	1	247	r__Root; d__Bacteria; p__Proteobacteria; c__Gammaproteobacteria; o__Methylococcales; f__Methylococcaceae; g__OPU3-GD-OMZ; s__OPU3-GD-OMZ sp001901525	10330.559427120179	104	4e-122	1.0	0.004	0.0001,0.004,0.0	PmoA
SI072_150m_pe	k147_38346_11	XmoA	1	247	r__Root; d__Bacteria; p__Proteobacteria; c__Gammaproteobacteria; o__Methylococcales; f__Methylococcaceae; g__OPU3-GD-OMZ; s__OPU3-GD-OMZ sp001901525	6512.743986662721	104	4e-122	1.0	0.004	0.0001,0.004,0.0	PmoA
SI072_150m_pe	k147_277768_4	XmoA	1	247	r__Root; d__Bacteria; p__Proteobacteria; c__Gammaproteobacteria; o__Methylococcales; f__Methylococcaceae; g__Methyloprofundus; s__Methyloprofundus sp.	2896.1498776552567	117	4.3e-125	1.0	0.0454	0.0144,0.0309,0.0	PmoA
SI072_150m_pe	k147_222487_2	XmoA	5	131	r__Root; d__Bacteria; p__Proteobacteria; c__Gammaproteobacteria; o__Methylococcales	2550.924730759181	29	6.4e-51	0.8073166339	0.1051	0.0296,0.0409,0.0346	PxmA
SI072_150m_pe	k147_454285_2	XmoA	1	247	r__Root; d__Bacteria; p__Proteobacteria; c__Gammaproteobacteria; o__Methylococcales; f__Methylococcaceae; g__OPU3-GD-OMZ; s__OPU3-GD-OMZ sp001901525	4603.836266433993	104	1.1e-122	1.0	0.0121	0.0043,0.0078,0.0	PmoA
SI072_150m_pe	k147_372277_2	XmoA	1	159	r__Root; d__Bacteria; p__Proteobacteria; c__Gammaproteobacteria; o__Methylococcales; f__Methylococcaceae; g__Methyloprofundus; s__Methyloprofundus sp.	1401.136854211542	117	1.4e-76	1.0	0.0389	0.0037,0.0352,0.0	PmoA
SI072_150m_pe	k147_519870_3	XmoA	6	253	r__Root; d__Bacteria; p__Proteobacteria; c__Betaproteobacteria; o__Nitrosomonadales; f__Nitrosomonadaceae; g__Nitrosospira	1709.0581755116418	16	9.6e-109	1.0	0.0994	0.0472,0.0522,0.0	AmoA_AOB
SI072_150m_pe	k147_449783_3	XmoA	1	247	r__Root; d__Bacteria; p__Proteobacteria; c__Gammaproteobacteria; o__Methylococcales; f__Methylococcaceae; g__OPU3-GD-OMZ; s__OPU3-GD-OMZ sp001901525	5726.723160686186	104	2.5e-122	1.0	0.0002	0.0001,0.0001,0.0	PmoA
SI072_150m_pe	k147_115513_6	XmoA	6	253	r__Root; d__Bacteria; p__Proteobacteria; c__Betaproteobacteria; o__Nitrosomonadales; f__Nitrosomonadaceae; g__Nitrosospira	3518.6491848769087	16	9.6e-109	1.0	0.0994	0.0472,0.0522,0.0	AmoA_AOB
SI072_150m_pe	k147_15305_2	XmoA	1	247	r__Root; d__Bacteria; p__Proteobacteria; c__Gammaproteobacteria; o__Methylococcales; f__Methylococcaceae; g__OPU3-GD-OMZ; s__OPU3-GD-OMZ sp001901525	5502.145781835748	104	4e-122	1.0	0.004	0.0001,0.004,0.0	PmoA
SI072_150m_pe	k147_314425_5	XmoA	1	181	r__Root; d__Bacteria; p__Proteobacteria; c__Gammaproteobacteria; o__Methylococcales; f__Methylococcaceae; g__OPU3-GD-OMZ; s__OPU3-GD-OMZ sp001901525	4461.769361028605	104	6.4e-87	1.0	0.0144	0.0045,0.0099,0.0	PmoA
SI072_150m_pe	k147_348694_2	XmoA	1	106	r__Root; d__Bacteria; p__Proteobacteria; c__Betaproteobacteria; o__Nitrosomonadales; f__Nitrosomonadaceae; g__Nitrosospira	1499.4858834013905	16	8.2e-44	0.6796383563	0.0969	0.0464,0.0505,0.0	AmoA_AOB
SI072_150m_pe	k147_174999_2	XmoA	1	210	r__Root; d__Bacteria; p__Proteobacteria; c__Betaproteobacteria; o__Nitrosomonadales; f__Nitrosomonadaceae	833.0477130007725	17	2.1e-98	0.8422861991	0.1144	0.0286,0.0317,0.0541	AmoA_AOB
SI072_150m_pe	k147_63191_1	XmoA	1	88	r__Root; d__Bacteria; p__Proteobacteria; c__Gammaproteobacteria; o__Methylococcales; f__Methylococcaceae; g__Methyloprofundus; s__Methyloprofundus sp.	0.0	117	4.9e-45	0.341094466	0.0772	0.0465,0.0307,0.0	PmoA
SI072_150m_pe	k147_240226_3	XmoA	1	210	r__Root; d__Bacteria; p__Proteobacteria; c__Betaproteobacteria; o__Nitrosomonadales; f__Nitrosomonadaceae	0.0	17	2.1e-98	0.8422861991	0.1144	0.0286,0.0317,0.0541	AmoA_AOB
SI072_150m_pe	k147_475652_2	XmoA	1	76	r__Root; d__Bacteria; p__Proteobacteria; c__Gammaproteobacteria; o__Methylococcales; f__Methylococcaceae; g__OPU3-GD-OMZ; s__OPU3-GD-OMZ sp001901525	3254.913698663501	104	2.3e-36	1.0	0.0002	0.0001,0.0001,0.0	PmoA
SI072_150m_pe	k147_663727_2	XmoA	1	76	r__Root; d__Bacteria; p__Proteobacteria; c__Gammaproteobacteria; o__Methylococcales; f__Methylococcaceae; g__OPU3-GD-OMZ; s__OPU3-GD-OMZ sp001901525	2169.942465775667	104	4.1e-37	1.0	0.0002	0.0001,0.0001,0.0	PmoA
SI072_150m_pe	k147_77634_1	XmoA	1	199	r__Root; d__Bacteria; p__Proteobacteria; c__Gammaproteobacteria; o__Methylococcales; f__Methylococcaceae; g__Methyloprofundus; s__Methyloprofundus sp.	839.6259792197305	117	5.4e-107	1.0	0.0523	0.0189,0.0334,0.0	PmoA
SI072_165m_pe	k147_73233_2	XmoA	1	63	r__Root; d__Bacteria; p__Proteobacteria; c__Betaproteobacteria; o__Nitrosomonadales; f__Nitrosomonadaceae; g__Nitrosospira; s__Nitrosospira multiformis	0.0	16	3.4e-27	0.5583269028	0.0705	0.0308,0.0397,0.0	AmoA_AOB
SI072_165m_pe	k147_299367_1	XmoA	6	253	r__Root; d__Bacteria; p__Proteobacteria; c__Betaproteobacteria; o__Nitrosomonadales; f__Nitrosomonadaceae; g__Nitrosospira	8884.051727967579	16	9.6e-109	1.0	0.0994	0.0472,0.0522,0.0	AmoA_AOB
SI072_165m_pe	k147_218723_3	XmoA	1	247	r__Root; d__Bacteria; p__Proteobacteria; c__Gammaproteobacteria; o__Methylococcales; f__Methylococcaceae; g__OPU3-GD-OMZ; s__OPU3-GD-OMZ sp001901525	5060.028287380382	104	4e-122	1.0	0.004	0.0001,0.004,0.0	PmoA
SI072_165m_pe	k147_38346_11	XmoA	1	247	r__Root; d__Bacteria; p__Proteobacteria; c__Gammaproteobacteria; o__Methylococcales; f__Methylococcaceae; g__OPU3-GD-OMZ; s__OPU3-GD-OMZ sp001901525	5520.0308589604165	104	4e-122	1.0	0.004	0.0001,0.004,0.0	PmoA
SI072_165m_pe	k147_277768_4	XmoA	1	247	r__Root; d__Bacteria; p__Proteobacteria; c__Gammaproteobacteria; o__Methylococcales; f__Methylococcaceae; g__Methyloprofundus; s__Methyloprofundus sp.	0.0	117	4.3e-125	1.0	0.0454	0.0144,0.0309,0.0	PmoA
SI072_165m_pe	k147_222487_2	XmoA	5	131	r__Root; d__Bacteria; p__Proteobacteria; c__Gammaproteobacteria; o__Methylococcales	2985.7527873984363	29	6.4e-51	0.8073166339	0.1051	0.0296,0.0409,0.0346	PxmA
SI072_165m_pe	k147_454285_2	XmoA	1	247	r__Root; d__Bacteria; p__Proteobacteria; c__Gammaproteobacteria; o__Methylococcales; f__Methylococcaceae; g__OPU3-GD-OMZ; s__OPU3-GD-OMZ sp001901525	7228.611839114832	104	1.1e-122	1.0	0.0121	0.0043,0.0078,0.0	PmoA
SI072_165m_pe	k147_372277_2	XmoA	1	159	r__Root; d__Bacteria; p__Proteobacteria; c__Gammaproteobacteria; o__Methylococcales; f__Methylococcaceae; g__Methyloprofundus; s__Methyloprofundus sp.	0.0	117	1.4e-76	1.0	0.0389	0.0037,0.0352,0.0	PmoA
SI072_165m_pe	k147_519870_3	XmoA	6	253	r__Root; d__Bacteria; p__Proteobacteria; c__Betaproteobacteria; o__Nitrosomonadales; f__Nitrosomonadaceae; g__Nitrosospira	7472.017016237634	16	9.6e-109	1.0	0.0994	0.0472,0.0522,0.0	AmoA_AOB
SI072_165m_pe	k147_449783_3	XmoA	1	247	r__Root; d__Bacteria; p__Proteobacteria; c__Gammaproteobacteria; o__Methylococcales; f__Methylococcaceae; g__OPU3-GD-OMZ; s__OPU3-GD-OMZ sp001901525	2825.73008256307	104	2.5e-122	1.0	0.0002	0.0001,0.0001,0.0	PmoA
SI072_165m_pe	k147_115513_6	XmoA	6	253	r__Root; d__Bacteria; p__Proteobacteria; c__Betaproteobacteria; o__Nitrosomonadales; f__Nitrosomonadaceae; g__Nitrosospira	9295.89518555548	16	9.6e-109	1.0	0.0994	0.0472,0.0522,0.0	AmoA_AOB
SI072_165m_pe	k147_15305_2	XmoA	1	247	r__Root; d__Bacteria; p__Proteobacteria; c__Gammaproteobacteria; o__Methylococcales; f__Methylococcaceae; g__OPU3-GD-OMZ; s__OPU3-GD-OMZ sp001901525	4468.596409634623	104	4e-122	1.0	0.004	0.0001,0.004,0.0	PmoA
SI072_165m_pe	k147_314425_5	XmoA	1	181	r__Root; d__Bacteria; p__Proteobacteria; c__Gammaproteobacteria; o__Methylococcales; f__Methylococcaceae; g__OPU3-GD-OMZ; s__OPU3-GD-OMZ sp001901525	5042.238132678391	104	6.4e-87	1.0	0.0144	0.0045,0.0099,0.0	PmoA
SI072_165m_pe	k147_348694_2	XmoA	1	106	r__Root; d__Bacteria; p__Proteobacteria; c__Betaproteobacteria; o__Nitrosomonadales; f__Nitrosomonadaceae; g__Nitrosospira	3134.0834547211152	16	8.2e-44	0.6796383563	0.0969	0.0464,0.0505,0.0	AmoA_AOB
SI072_165m_pe	k147_174999_2	XmoA	1	210	r__Root; d__Bacteria; p__Proteobacteria; c__Betaproteobacteria; o__Nitrosomonadales; f__Nitrosomonadaceae	4248.424238621957	17	2.1e-98	0.8422861991	0.1144	0.0286,0.0317,0.0541	AmoA_AOB
SI072_165m_pe	k147_63191_1	XmoA	1	88	r__Root; d__Bacteria; p__Proteobacteria; c__Gammaproteobacteria; o__Methylococcales; f__Methylococcaceae; g__Methyloprofundus; s__Methyloprofundus sp.	0.0	117	4.9e-45	0.341094466	0.0772	0.0465,0.0307,0.0	PmoA
SI072_165m_pe	k147_240226_3	XmoA	1	210	r__Root; d__Bacteria; p__Proteobacteria; c__Betaproteobacteria; o__Nitrosomonadales; f__Nitrosomonadaceae	4666.302032584771	17	2.1e-98	0.8422861991	0.1144	0.0286,0.0317,0.0541	AmoA_AOB
SI072_165m_pe	k147_475652_2	XmoA	1	76	r__Root; d__Bacteria; p__Proteobacteria; c__Gammaproteobacteria; o__Methylococcales; f__Methylococcaceae; g__OPU3-GD-OMZ; s__OPU3-GD-OMZ sp001901525	0.0	104	2.3e-36	1.0	0.0002	0.0001,0.0001,0.0	PmoA
SI072_165m_pe	k147_663727_2	XmoA	1	76	r__Root; d__Bacteria; p__Proteobacteria; c__Gammaproteobacteria; o__Methylococcales; f__Methylococcaceae; g__OPU3-GD-OMZ; s__OPU3-GD-OMZ sp001901525	3598.090615549956	104	4.1e-37	1.0	0.0002	0.0001,0.0001,0.0	PmoA
SI072_165m_pe	k147_77634_1	XmoA	1	199	r__Root; d__Bacteria; p__Proteobacteria; c__Gammaproteobacteria; o__Methylococcales; f__Methylococcaceae; g__Methyloprofundus; s__Methyloprofundus sp.	0.0	117	5.4e-107	1.0	0.0523	0.0189,0.0334,0.0	PmoA
SI072_200m_pe	k147_73233_2	XmoA	1	63	r__Root; d__Bacteria; p__Proteobacteria; c__Betaproteobacteria; o__Nitrosomonadales; f__Nitrosomonadaceae; g__Nitrosospira; s__Nitrosospira multiformis	0.0	16	3.4e-27	0.5583269028	0.0705	0.0308,0.0397,0.0	AmoA_AOB
SI072_200m_pe	k147_299367_1	XmoA	6	253	r__Root; d__Bacteria; p__Proteobacteria; c__Betaproteobacteria; o__Nitrosomonadales; f__Nitrosomonadaceae; g__Nitrosospira	4004.1158868285506	16	9.6e-109	1.0	0.0994	0.0472,0.0522,0.0	AmoA_AOB
SI072_200m_pe	k147_218723_3	XmoA	1	247	r__Root; d__Bacteria; p__Proteobacteria; c__Gammaproteobacteria; o__Methylococcales; f__Methylococcaceae; g__OPU3-GD-OMZ; s__OPU3-GD-OMZ sp001901525	9839.146054166607	104	4e-122	1.0	0.004	0.0001,0.004,0.0	PmoA
SI072_200m_pe	k147_38346_11	XmoA	1	247	r__Root; d__Bacteria; p__Proteobacteria; c__Gammaproteobacteria; o__Methylococcales; f__Methylococcaceae; g__OPU3-GD-OMZ; s__OPU3-GD-OMZ sp001901525	5366.806938636331	104	4e-122	1.0	0.004	0.0001,0.004,0.0	PmoA
SI072_200m_pe	k147_277768_4	XmoA	1	247	r__Root; d__Bacteria; p__Proteobacteria; c__Gammaproteobacteria; o__Methylococcales; f__Methylococcaceae; g__Methyloprofundus; s__Methyloprofundus sp.	15971.61744938172	117	4.3e-125	1.0	0.0454	0.0144,0.0309,0.0	PmoA
SI072_200m_pe	k147_222487_2	XmoA	5	131	r__Root; d__Bacteria; p__Proteobacteria; c__Gammaproteobacteria; o__Methylococcales	0.0	29	6.4e-51	0.8073166339	0.1051	0.0296,0.0409,0.0346	PxmA
SI072_200m_pe	k147_454285_2	XmoA	1	247	r__Root; d__Bacteria; p__Proteobacteria; c__Gammaproteobacteria; o__Methylococcales; f__Methylococcaceae; g__OPU3-GD-OMZ; s__OPU3-GD-OMZ sp001901525	4472.339115530275	104	1.1e-122	1.0	0.0121	0.0043,0.0078,0.0	PmoA
SI072_200m_pe	k147_372277_2	XmoA	1	159	r__Root; d__Bacteria; p__Proteobacteria; c__Gammaproteobacteria; o__Methylococcales; f__Methylococcaceae; g__Methyloprofundus; s__Methyloprofundus sp.	0.0	117	1.4e-76	1.0	0.0389	0.0037,0.0352,0.0	PmoA
SI072_200m_pe	k147_519870_3	XmoA	6	253	r__Root; d__Bacteria; p__Proteobacteria; c__Betaproteobacteria; o__Nitrosomonadales; f__Nitrosomonadaceae; g__Nitrosospira	0.0	16	9.6e-109	1.0	0.0994	0.0472,0.0522,0.0	AmoA_AOB
SI072_200m_pe	k147_449783_3	XmoA	1	247	r__Root; d__Bacteria; p__Proteobacteria; c__Gammaproteobacteria; o__Methylococcales; f__Methylococcaceae; g__OPU3-GD-OMZ; s__OPU3-GD-OMZ sp001901525	0.0	104	2.5e-122	1.0	0.0002	0.0001,0.0001,0.0	PmoA
SI072_200m_pe	k147_115513_6	XmoA	6	253	r__Root; d__Bacteria; p__Proteobacteria; c__Betaproteobacteria; o__Nitrosomonadales; f__Nitrosomonadaceae; g__Nitrosospira	0.0	16	9.6e-109	1.0	0.0994	0.0472,0.0522,0.0	AmoA_AOB
SI072_200m_pe	k147_15305_2	XmoA	1	247	r__Root; d__Bacteria; p__Proteobacteria; c__Gammaproteobacteria; o__Methylococcales; f__Methylococcaceae; g__OPU3-GD-OMZ; s__OPU3-GD-OMZ sp001901525	6261.274761742386	104	4e-122	1.0	0.004	0.0001,0.004,0.0	PmoA
SI072_200m_pe	k147_314425_5	XmoA	1	181	r__Root; d__Bacteria; p__Proteobacteria; c__Gammaproteobacteria; o__Methylococcales; f__Methylococcaceae; g__OPU3-GD-OMZ; s__OPU3-GD-OMZ sp001901525	0.0	104	6.4e-87	1.0	0.0144	0.0045,0.0099,0.0	PmoA
SI072_200m_pe	k147_348694_2	XmoA	1	106	r__Root; d__Bacteria; p__Proteobacteria; c__Betaproteobacteria; o__Nitrosomonadales; f__Nitrosomonadaceae; g__Nitrosospira	0.0	16	8.2e-44	0.6796383563	0.0969	0.0464,0.0505,0.0	AmoA_AOB
SI072_200m_pe	k147_174999_2	XmoA	1	210	r__Root; d__Bacteria; p__Proteobacteria; c__Betaproteobacteria; o__Nitrosomonadales; f__Nitrosomonadaceae	2843.9489760295087	17	2.1e-98	0.8422861991	0.1144	0.0286,0.0317,0.0541	AmoA_AOB
SI072_200m_pe	k147_63191_1	XmoA	1	88	r__Root; d__Bacteria; p__Proteobacteria; c__Gammaproteobacteria; o__Methylococcales; f__Methylococcaceae; g__Methyloprofundus; s__Methyloprofundus sp.	0.0	117	4.9e-45	0.341094466	0.0772	0.0465,0.0307,0.0	PmoA
SI072_200m_pe	k147_240226_3	XmoA	1	210	r__Root; d__Bacteria; p__Proteobacteria; c__Betaproteobacteria; o__Nitrosomonadales; f__Nitrosomonadaceae	0.0	17	2.1e-98	0.8422861991	0.1144	0.0286,0.0317,0.0541	AmoA_AOB
SI072_200m_pe	k147_475652_2	XmoA	1	76	r__Root; d__Bacteria; p__Proteobacteria; c__Gammaproteobacteria; o__Methylococcales; f__Methylococcaceae; g__OPU3-GD-OMZ; s__OPU3-GD-OMZ sp001901525	0.0	104	2.3e-36	1.0	0.0002	0.0001,0.0001,0.0	PmoA
SI072_200m_pe	k147_663727_2	XmoA	1	76	r__Root; d__Bacteria; p__Proteobacteria; c__Gammaproteobacteria; o__Methylococcales; f__Methylococcaceae; g__OPU3-GD-OMZ; s__OPU3-GD-OMZ sp001901525	0.0	104	4.1e-37	1.0	0.0002	0.0001,0.0001,0.0	PmoA
SI072_200m_pe	k147_77634_1	XmoA	1	199	r__Root; d__Bacteria; p__Proteobacteria; c__Gammaproteobacteria; o__Methylococcales; f__Methylococcaceae; g__Methyloprofundus; s__Methyloprofundus sp.	0.0	117	5.4e-107	1.0	0.0523	0.0189,0.0334,0.0	PmoA
SI072_100m_MetaT_QC_Filtered	k147_73233_2	XmoA	1	63	r__Root; d__Bacteria; p__Proteobacteria; c__Betaproteobacteria; o__Nitrosomonadales; f__Nitrosomonadaceae; g__Nitrosospira; s__Nitrosospira multiformis	110.58960285436224	16	3.4e-27	0.5583269028	0.0705	0.0308,0.0397,0.0	AmoA_AOB
SI072_100m_MetaT_QC_Filtered	k147_299367_1	XmoA	6	253	r__Root; d__Bacteria; p__Proteobacteria; c__Betaproteobacteria; o__Nitrosomonadales; f__Nitrosomonadaceae; g__Nitrosospira	22888.45462686133	16	9.6e-109	1.0	0.0994	0.0472,0.0522,0.0	AmoA_AOB
SI072_100m_MetaT_QC_Filtered	k147_218723_3	XmoA	1	247	r__Root; d__Bacteria; p__Proteobacteria; c__Gammaproteobacteria; o__Methylococcales; f__Methylococcaceae; g__OPU3-GD-OMZ; s__OPU3-GD-OMZ sp001901525	15830.589500529384	104	4e-122	1.0	0.004	0.0001,0.004,0.0	PmoA
SI072_100m_MetaT_QC_Filtered	k147_38346_11	XmoA	1	247	r__Root; d__Bacteria; p__Proteobacteria; c__Gammaproteobacteria; o__Methylococcales; f__Methylococcaceae; g__OPU3-GD-OMZ; s__OPU3-GD-OMZ sp001901525	16111.522765844898	104	4e-122	1.0	0.004	0.0001,0.004,0.0	PmoA
SI072_100m_MetaT_QC_Filtered	k147_277768_4	XmoA	1	247	r__Root; d__Bacteria; p__Proteobacteria; c__Gammaproteobacteria; o__Methylococcales; f__Methylococcaceae; g__Methyloprofundus; s__Methyloprofundus sp.	83.60573975789787	117	4.3e-125	1.0	0.0454	0.0144,0.0309,0.0	PmoA
SI072_100m_MetaT_QC_Filtered	k147_222487_2	XmoA	5	131	r__Root; d__Bacteria; p__Proteobacteria; c__Gammaproteobacteria; o__Methylococcales	0.0	29	6.4e-51	0.8073166339	0.1051	0.0296,0.0409,0.0346	PxmA
SI072_100m_MetaT_QC_Filtered	k147_454285_2	XmoA	1	247	r__Root; d__Bacteria; p__Proteobacteria; c__Gammaproteobacteria; o__Methylococcales; f__Methylococcaceae; g__OPU3-GD-OMZ; s__OPU3-GD-OMZ sp001901525	29568.226174458156	104	1.1e-122	1.0	0.0121	0.0043,0.0078,0.0	PmoA
SI072_100m_MetaT_QC_Filtered	k147_372277_2	XmoA	1	159	r__Root; d__Bacteria; p__Proteobacteria; c__Gammaproteobacteria; o__Methylococcales; f__Methylococcaceae; g__Methyloprofundus; s__Methyloprofundus sp.	0.0	117	1.4e-76	1.0	0.0389	0.0037,0.0352,0.0	PmoA
SI072_100m_MetaT_QC_Filtered	k147_519870_3	XmoA	6	253	r__Root; d__Bacteria; p__Proteobacteria; c__Betaproteobacteria; o__Nitrosomonadales; f__Nitrosomonadaceae; g__Nitrosospira	22108.738040671546	16	9.6e-109	1.0	0.0994	0.0472,0.0522,0.0	AmoA_AOB
SI072_100m_MetaT_QC_Filtered	k147_449783_3	XmoA	1	247	r__Root; d__Bacteria; p__Proteobacteria; c__Gammaproteobacteria; o__Methylococcales; f__Methylococcaceae; g__OPU3-GD-OMZ; s__OPU3-GD-OMZ sp001901525	12599.856949400935	104	2.5e-122	1.0	0.0002	0.0001,0.0001,0.0	PmoA
SI072_100m_MetaT_QC_Filtered	k147_115513_6	XmoA	6	253	r__Root; d__Bacteria; p__Proteobacteria; c__Betaproteobacteria; o__Nitrosomonadales; f__Nitrosomonadaceae; g__Nitrosospira	21240.98893668614	16	9.6e-109	1.0	0.0994	0.0472,0.0522,0.0	AmoA_AOB
SI072_100m_MetaT_QC_Filtered	k147_15305_2	XmoA	1	247	r__Root; d__Bacteria; p__Proteobacteria; c__Gammaproteobacteria; o__Methylococcales; f__Methylococcaceae; g__OPU3-GD-OMZ; s__OPU3-GD-OMZ sp001901525	14552.34314334378	104	4e-122	1.0	0.004	0.0001,0.004,0.0	PmoA
SI072_100m_MetaT_QC_Filtered	k147_314425_5	XmoA	1	181	r__Root; d__Bacteria; p__Proteobacteria; c__Gammaproteobacteria; o__Methylococcales; f__Methylococcaceae; g__OPU3-GD-OMZ; s__OPU3-GD-OMZ sp001901525	14954.341572717916	104	6.4e-87	1.0	0.0144	0.0045,0.0099,0.0	PmoA
SI072_100m_MetaT_QC_Filtered	k147_348694_2	XmoA	1	106	r__Root; d__Bacteria; p__Proteobacteria; c__Betaproteobacteria; o__Nitrosomonadales; f__Nitrosomonadaceae; g__Nitrosospira	13103.591904362838	16	8.2e-44	0.6796383563	0.0969	0.0464,0.0505,0.0	AmoA_AOB
SI072_100m_MetaT_QC_Filtered	k147_174999_2	XmoA	1	210	r__Root; d__Bacteria; p__Proteobacteria; c__Betaproteobacteria; o__Nitrosomonadales; f__Nitrosomonadaceae	17373.201263793948	17	2.1e-98	0.8422861991	0.1144	0.0286,0.0317,0.0541	AmoA_AOB
SI072_100m_MetaT_QC_Filtered	k147_63191_1	XmoA	1	88	r__Root; d__Bacteria; p__Proteobacteria; c__Gammaproteobacteria; o__Methylococcales; f__Methylococcaceae; g__Methyloprofundus; s__Methyloprofundus sp.	0.0	117	4.9e-45	0.341094466	0.0772	0.0465,0.0307,0.0	PmoA
SI072_100m_MetaT_QC_Filtered	k147_240226_3	XmoA	1	210	r__Root; d__Bacteria; p__Proteobacteria; c__Betaproteobacteria; o__Nitrosomonadales; f__Nitrosomonadaceae	18370.634412615018	17	2.1e-98	0.8422861991	0.1144	0.0286,0.0317,0.0541	AmoA_AOB
SI072_100m_MetaT_QC_Filtered	k147_475652_2	XmoA	1	76	r__Root; d__Bacteria; p__Proteobacteria; c__Gammaproteobacteria; o__Methylococcales; f__Methylococcaceae; g__OPU3-GD-OMZ; s__OPU3-GD-OMZ sp001901525	7781.486600843307	104	2.3e-36	1.0	0.0002	0.0001,0.0001,0.0	PmoA
SI072_100m_MetaT_QC_Filtered	k147_663727_2	XmoA	1	76	r__Root; d__Bacteria; p__Proteobacteria; c__Gammaproteobacteria; o__Methylococcales; f__Methylococcaceae; g__OPU3-GD-OMZ; s__OPU3-GD-OMZ sp001901525	18639.37488108978	104	4.1e-37	1.0	0.0002	0.0001,0.0001,0.0	PmoA
SI072_100m_MetaT_QC_Filtered	k147_77634_1	XmoA	1	199	r__Root; d__Bacteria; p__Proteobacteria; c__Gammaproteobacteria; o__Methylococcales; f__Methylococcaceae; g__Methyloprofundus; s__Methyloprofundus sp.	52.51616818963433	117	5.4e-107	1.0	0.0523	0.0189,0.0334,0.0	PmoA
SI072_10m_MetaT_QC_Filtered	k147_73233_2	XmoA	1	63	r__Root; d__Bacteria; p__Proteobacteria; c__Betaproteobacteria; o__Nitrosomonadales; f__Nitrosomonadaceae; g__Nitrosospira; s__Nitrosospira multiformis	0.0	16	3.4e-27	0.5583269028	0.0705	0.0308,0.0397,0.0	AmoA_AOB
SI072_10m_MetaT_QC_Filtered	k147_299367_1	XmoA	6	253	r__Root; d__Bacteria; p__Proteobacteria; c__Betaproteobacteria; o__Nitrosomonadales; f__Nitrosomonadaceae; g__Nitrosospira	70174.12623043335	16	9.6e-109	1.0	0.0994	0.0472,0.0522,0.0	AmoA_AOB
SI072_10m_MetaT_QC_Filtered	k147_218723_3	XmoA	1	247	r__Root; d__Bacteria; p__Proteobacteria; c__Gammaproteobacteria; o__Methylococcales; f__Methylococcaceae; g__OPU3-GD-OMZ; s__OPU3-GD-OMZ sp001901525	0.0	104	4e-122	1.0	0.004	0.0001,0.004,0.0	PmoA
SI072_10m_MetaT_QC_Filtered	k147_38346_11	XmoA	1	247	r__Root; d__Bacteria; p__Proteobacteria; c__Gammaproteobacteria; o__Methylococcales; f__Methylococcaceae; g__OPU3-GD-OMZ; s__OPU3-GD-OMZ sp001901525	0.0	104	4e-122	1.0	0.004	0.0001,0.004,0.0	PmoA
SI072_10m_MetaT_QC_Filtered	k147_277768_4	XmoA	1	247	r__Root; d__Bacteria; p__Proteobacteria; c__Gammaproteobacteria; o__Methylococcales; f__Methylococcaceae; g__Methyloprofundus; s__Methyloprofundus sp.	0.0	117	4.3e-125	1.0	0.0454	0.0144,0.0309,0.0	PmoA
SI072_10m_MetaT_QC_Filtered	k147_222487_2	XmoA	5	131	r__Root; d__Bacteria; p__Proteobacteria; c__Gammaproteobacteria; o__Methylococcales	0.0	29	6.4e-51	0.8073166339	0.1051	0.0296,0.0409,0.0346	PxmA
SI072_10m_MetaT_QC_Filtered	k147_454285_2	XmoA	1	247	r__Root; d__Bacteria; p__Proteobacteria; c__Gammaproteobacteria; o__Methylococcales; f__Methylococcaceae; g__OPU3-GD-OMZ; s__OPU3-GD-OMZ sp001901525	0.0	104	1.1e-122	1.0	0.0121	0.0043,0.0078,0.0	PmoA
SI072_10m_MetaT_QC_Filtered	k147_372277_2	XmoA	1	159	r__Root; d__Bacteria; p__Proteobacteria; c__Gammaproteobacteria; o__Methylococcales; f__Methylococcaceae; g__Methyloprofundus; s__Methyloprofundus sp.	0.0	117	1.4e-76	1.0	0.0389	0.0037,0.0352,0.0	PmoA
SI072_10m_MetaT_QC_Filtered	k147_519870_3	XmoA	6	253	r__Root; d__Bacteria; p__Proteobacteria; c__Betaproteobacteria; o__Nitrosomonadales; f__Nitrosomonadaceae; g__Nitrosospira	32388.05826020001	16	9.6e-109	1.0	0.0994	0.0472,0.0522,0.0	AmoA_AOB
SI072_10m_MetaT_QC_Filtered	k147_449783_3	XmoA	1	247	r__Root; d__Bacteria; p__Proteobacteria; c__Gammaproteobacteria; o__Methylococcales; f__Methylococcaceae; g__OPU3-GD-OMZ; s__OPU3-GD-OMZ sp001901525	0.0	104	2.5e-122	1.0	0.0002	0.0001,0.0001,0.0	PmoA
SI072_10m_MetaT_QC_Filtered	k147_115513_6	XmoA	6	253	r__Root; d__Bacteria; p__Proteobacteria; c__Betaproteobacteria; o__Nitrosomonadales; f__Nitrosomonadaceae; g__Nitrosospira	43184.07768026668	16	9.6e-109	1.0	0.0994	0.0472,0.0522,0.0	AmoA_AOB
SI072_10m_MetaT_QC_Filtered	k147_15305_2	XmoA	1	247	r__Root; d__Bacteria; p__Proteobacteria; c__Gammaproteobacteria; o__Methylococcales; f__Methylococcaceae; g__OPU3-GD-OMZ; s__OPU3-GD-OMZ sp001901525	0.0	104	4e-122	1.0	0.004	0.0001,0.004,0.0	PmoA
SI072_10m_MetaT_QC_Filtered	k147_314425_5	XmoA	1	181	r__Root; d__Bacteria; p__Proteobacteria; c__Gammaproteobacteria; o__Methylococcales; f__Methylococcaceae; g__OPU3-GD-OMZ; s__OPU3-GD-OMZ sp001901525	0.0	104	6.4e-87	1.0	0.0144	0.0045,0.0099,0.0	PmoA
SI072_10m_MetaT_QC_Filtered	k147_348694_2	XmoA	1	106	r__Root; d__Bacteria; p__Proteobacteria; c__Betaproteobacteria; o__Nitrosomonadales; f__Nitrosomonadaceae; g__Nitrosospira	40256.69549136398	16	8.2e-44	0.6796383563	0.0969	0.0464,0.0505,0.0	AmoA_AOB
SI072_10m_MetaT_QC_Filtered	k147_174999_2	XmoA	1	210	r__Root; d__Bacteria; p__Proteobacteria; c__Betaproteobacteria; o__Nitrosomonadales; f__Nitrosomonadaceae	25559.806661183484	17	2.1e-98	0.8422861991	0.1144	0.0286,0.0317,0.0541	AmoA_AOB
SI072_10m_MetaT_QC_Filtered	k147_63191_1	XmoA	1	88	r__Root; d__Bacteria; p__Proteobacteria; c__Gammaproteobacteria; o__Methylococcales; f__Methylococcaceae; g__Methyloprofundus; s__Methyloprofundus sp.	0.0	117	4.9e-45	0.341094466	0.0772	0.0465,0.0307,0.0	PmoA
SI072_10m_MetaT_QC_Filtered	k147_240226_3	XmoA	1	210	r__Root; d__Bacteria; p__Proteobacteria; c__Betaproteobacteria; o__Nitrosomonadales; f__Nitrosomonadaceae	0.0	17	2.1e-98	0.8422861991	0.1144	0.0286,0.0317,0.0541	AmoA_AOB
SI072_10m_MetaT_QC_Filtered	k147_475652_2	XmoA	1	76	r__Root; d__Bacteria; p__Proteobacteria; c__Gammaproteobacteria; o__Methylococcales; f__Methylococcaceae; g__OPU3-GD-OMZ; s__OPU3-GD-OMZ sp001901525	0.0	104	2.3e-36	1.0	0.0002	0.0001,0.0001,0.0	PmoA
SI072_10m_MetaT_QC_Filtered	k147_663727_2	XmoA	1	76	r__Root; d__Bacteria; p__Proteobacteria; c__Gammaproteobacteria; o__Methylococcales; f__Methylococcaceae; g__OPU3-GD-OMZ; s__OPU3-GD-OMZ sp001901525	0.0	104	4.1e-37	1.0	0.0002	0.0001,0.0001,0.0	PmoA
SI072_10m_MetaT_QC_Filtered	k147_77634_1	XmoA	1	199	r__Root; d__Bacteria; p__Proteobacteria; c__Gammaproteobacteria; o__Methylococcales; f__Methylococcaceae; g__Methyloprofundus; s__Methyloprofundus sp.	0.0	117	5.4e-107	1.0	0.0523	0.0189,0.0334,0.0	PmoA
SI072_120m_MetaT_QC_Filtered	k147_73233_2	XmoA	1	63	r__Root; d__Bacteria; p__Proteobacteria; c__Betaproteobacteria; o__Nitrosomonadales; f__Nitrosomonadaceae; g__Nitrosospira; s__Nitrosospira multiformis	764.8897517672649	16	3.4e-27	0.5583269028	0.0705	0.0308,0.0397,0.0	AmoA_AOB
SI072_120m_MetaT_QC_Filtered	k147_299367_1	XmoA	6	253	r__Root; d__Bacteria; p__Proteobacteria; c__Betaproteobacteria; o__Nitrosomonadales; f__Nitrosomonadaceae; g__Nitrosospira	16325.861238775888	16	9.6e-109	1.0	0.0994	0.0472,0.0522,0.0	AmoA_AOB
SI072_120m_MetaT_QC_Filtered	k147_218723_3	XmoA	1	247	r__Root; d__Bacteria; p__Proteobacteria; c__Gammaproteobacteria; o__Methylococcales; f__Methylococcaceae; g__OPU3-GD-OMZ; s__OPU3-GD-OMZ sp001901525	26410.760563425465	104	4e-122	1.0	0.004	0.0001,0.004,0.0	PmoA
SI072_120m_MetaT_QC_Filtered	k147_38346_11	XmoA	1	247	r__Root; d__Bacteria; p__Proteobacteria; c__Gammaproteobacteria; o__Methylococcales; f__Methylococcaceae; g__OPU3-GD-OMZ; s__OPU3-GD-OMZ sp001901525	26814.320572034678	104	4e-122	1.0	0.004	0.0001,0.004,0.0	PmoA
SI072_120m_MetaT_QC_Filtered	k147_277768_4	XmoA	1	247	r__Root; d__Bacteria; p__Proteobacteria; c__Gammaproteobacteria; o__Methylococcales; f__Methylococcaceae; g__Methyloprofundus; s__Methyloprofundus sp.	341.0231539417744	117	4.3e-125	1.0	0.0454	0.0144,0.0309,0.0	PmoA
SI072_120m_MetaT_QC_Filtered	k147_222487_2	XmoA	5	131	r__Root; d__Bacteria; p__Proteobacteria; c__Gammaproteobacteria; o__Methylococcales	226.36784197927278	29	6.4e-51	0.8073166339	0.1051	0.0296,0.0409,0.0346	PxmA
SI072_120m_MetaT_QC_Filtered	k147_454285_2	XmoA	1	247	r__Root; d__Bacteria; p__Proteobacteria; c__Gammaproteobacteria; o__Methylococcales; f__Methylococcaceae; g__OPU3-GD-OMZ; s__OPU3-GD-OMZ sp001901525	29848.493970096577	104	1.1e-122	1.0	0.0121	0.0043,0.0078,0.0	PmoA
SI072_120m_MetaT_QC_Filtered	k147_372277_2	XmoA	1	159	r__Root; d__Bacteria; p__Proteobacteria; c__Gammaproteobacteria; o__Methylococcales; f__Methylococcaceae; g__Methyloprofundus; s__Methyloprofundus sp.	0.0	117	1.4e-76	1.0	0.0389	0.0037,0.0352,0.0	PmoA
SI072_120m_MetaT_QC_Filtered	k147_519870_3	XmoA	6	253	r__Root; d__Bacteria; p__Proteobacteria; c__Betaproteobacteria; o__Nitrosomonadales; f__Nitrosomonadaceae; g__Nitrosospira	16044.842315813356	16	9.6e-109	1.0	0.0994	0.0472,0.0522,0.0	AmoA_AOB
SI072_120m_MetaT_QC_Filtered	k147_449783_3	XmoA	1	247	r__Root; d__Bacteria; p__Proteobacteria; c__Gammaproteobacteria; o__Methylococcales; f__Methylococcaceae; g__OPU3-GD-OMZ; s__OPU3-GD-OMZ sp001901525	18175.14705440032	104	2.5e-122	1.0	0.0002	0.0001,0.0001,0.0	PmoA
SI072_120m_MetaT_QC_Filtered	k147_115513_6	XmoA	6	253	r__Root; d__Bacteria; p__Proteobacteria; c__Betaproteobacteria; o__Nitrosomonadales; f__Nitrosomonadaceae; g__Nitrosospira	18226.08443214161	16	9.6e-109	1.0	0.0994	0.0472,0.0522,0.0	AmoA_AOB
SI072_120m_MetaT_QC_Filtered	k147_15305_2	XmoA	1	247	r__Root; d__Bacteria; p__Proteobacteria; c__Gammaproteobacteria; o__Methylococcales; f__Methylococcaceae; g__OPU3-GD-OMZ; s__OPU3-GD-OMZ sp001901525	26545.280566295205	104	4e-122	1.0	0.004	0.0001,0.004,0.0	PmoA
SI072_120m_MetaT_QC_Filtered	k147_314425_5	XmoA	1	181	r__Root; d__Bacteria; p__Proteobacteria; c__Gammaproteobacteria; o__Methylococcales; f__Methylococcaceae; g__OPU3-GD-OMZ; s__OPU3-GD-OMZ sp001901525	17325.581806073817	104	6.4e-87	1.0	0.0144	0.0045,0.0099,0.0	PmoA
SI072_120m_MetaT_QC_Filtered	k147_348694_2	XmoA	1	106	r__Root; d__Bacteria; p__Proteobacteria; c__Betaproteobacteria; o__Nitrosomonadales; f__Nitrosomonadaceae; g__Nitrosospira	11291.40208703534	16	8.2e-44	0.6796383563	0.0969	0.0464,0.0505,0.0	AmoA_AOB
SI072_120m_MetaT_QC_Filtered	k147_174999_2	XmoA	1	210	r__Root; d__Bacteria; p__Proteobacteria; c__Betaproteobacteria; o__Nitrosomonadales; f__Nitrosomonadaceae	15175.593714057035	17	2.1e-98	0.8422861991	0.1144	0.0286,0.0317,0.0541	AmoA_AOB
SI072_120m_MetaT_QC_Filtered	k147_63191_1	XmoA	1	88	r__Root; d__Bacteria; p__Proteobacteria; c__Gammaproteobacteria; o__Methylococcales; f__Methylococcaceae; g__Methyloprofundus; s__Methyloprofundus sp.	0.0	117	4.9e-45	0.341094466	0.0772	0.0465,0.0307,0.0	PmoA
SI072_120m_MetaT_QC_Filtered	k147_240226_3	XmoA	1	210	r__Root; d__Bacteria; p__Proteobacteria; c__Betaproteobacteria; o__Nitrosomonadales; f__Nitrosomonadaceae	14399.389025133452	17	2.1e-98	0.8422861991	0.1144	0.0286,0.0317,0.0541	AmoA_AOB
SI072_120m_MetaT_QC_Filtered	k147_475652_2	XmoA	1	76	r__Root; d__Bacteria; p__Proteobacteria; c__Gammaproteobacteria; o__Methylococcales; f__Methylococcaceae; g__OPU3-GD-OMZ; s__OPU3-GD-OMZ sp001901525	12034.9786117227	104	2.3e-36	1.0	0.0002	0.0001,0.0001,0.0	PmoA
SI072_120m_MetaT_QC_Filtered	k147_663727_2	XmoA	1	76	r__Root; d__Bacteria; p__Proteobacteria; c__Gammaproteobacteria; o__Methylococcales; f__Methylococcaceae; g__OPU3-GD-OMZ; s__OPU3-GD-OMZ sp001901525	19159.685949862538	104	4.1e-37	1.0	0.0002	0.0001,0.0001,0.0	PmoA
SI072_120m_MetaT_QC_Filtered	k147_77634_1	XmoA	1	199	r__Root; d__Bacteria; p__Proteobacteria; c__Gammaproteobacteria; o__Methylococcales; f__Methylococcaceae; g__Methyloprofundus; s__Methyloprofundus sp.	335.2860373034706	117	5.4e-107	1.0	0.0523	0.0189,0.0334,0.0	PmoA
SI072_135m_MetaT_QC_Filtered	k147_73233_2	XmoA	1	63	r__Root; d__Bacteria; p__Proteobacteria; c__Betaproteobacteria; o__Nitrosomonadales; f__Nitrosomonadaceae; g__Nitrosospira; s__Nitrosospira multiformis	167.20889098888014	16	3.4e-27	0.5583269028	0.0705	0.0308,0.0397,0.0	AmoA_AOB
SI072_135m_MetaT_QC_Filtered	k147_299367_1	XmoA	6	253	r__Root; d__Bacteria; p__Proteobacteria; c__Betaproteobacteria; o__Nitrosomonadales; f__Nitrosomonadaceae; g__Nitrosospira	4297.328862634794	16	9.6e-109	1.0	0.0994	0.0472,0.0522,0.0	AmoA_AOB
SI072_135m_MetaT_QC_Filtered	k147_218723_3	XmoA	1	247	r__Root; d__Bacteria; p__Proteobacteria; c__Gammaproteobacteria; o__Methylococcales; f__Methylococcaceae; g__OPU3-GD-OMZ; s__OPU3-GD-OMZ sp001901525	45577.23315305366	104	4e-122	1.0	0.004	0.0001,0.004,0.0	PmoA
SI072_135m_MetaT_QC_Filtered	k147_38346_11	XmoA	1	247	r__Root; d__Bacteria; p__Proteobacteria; c__Gammaproteobacteria; o__Methylococcales; f__Methylococcaceae; g__OPU3-GD-OMZ; s__OPU3-GD-OMZ sp001901525	45449.80379661456	104	4e-122	1.0	0.004	0.0001,0.004,0.0	PmoA
SI072_135m_MetaT_QC_Filtered	k147_277768_4	XmoA	1	247	r__Root; d__Bacteria; p__Proteobacteria; c__Gammaproteobacteria; o__Methylococcales; f__Methylococcaceae; g__Methyloprofundus; s__Methyloprofundus sp.	730.3684358394283	117	4.3e-125	1.0	0.0454	0.0144,0.0309,0.0	PmoA
SI072_135m_MetaT_QC_Filtered	k147_222487_2	XmoA	5	131	r__Root; d__Bacteria; p__Proteobacteria; c__Gammaproteobacteria; o__Methylococcales	0.0	29	6.4e-51	0.8073166339	0.1051	0.0296,0.0409,0.0346	PxmA
SI072_135m_MetaT_QC_Filtered	k147_454285_2	XmoA	1	247	r__Root; d__Bacteria; p__Proteobacteria; c__Gammaproteobacteria; o__Methylococcales; f__Methylococcaceae; g__OPU3-GD-OMZ; s__OPU3-GD-OMZ sp001901525	32182.99190956539	104	1.1e-122	1.0	0.0121	0.0043,0.0078,0.0	PmoA
SI072_135m_MetaT_QC_Filtered	k147_372277_2	XmoA	1	159	r__Root; d__Bacteria; p__Proteobacteria; c__Gammaproteobacteria; o__Methylococcales; f__Methylococcaceae; g__Methyloprofundus; s__Methyloprofundus sp.	331.262897242121	117	1.4e-76	1.0	0.0389	0.0037,0.0352,0.0	PmoA
SI072_135m_MetaT_QC_Filtered	k147_519870_3	XmoA	6	253	r__Root; d__Bacteria; p__Proteobacteria; c__Betaproteobacteria; o__Nitrosomonadales; f__Nitrosomonadaceae; g__Nitrosospira	4119.858054148401	16	9.6e-109	1.0	0.0994	0.0472,0.0522,0.0	AmoA_AOB
SI072_135m_MetaT_QC_Filtered	k147_449783_3	XmoA	1	247	r__Root; d__Bacteria; p__Proteobacteria; c__Gammaproteobacteria; o__Methylococcales; f__Methylococcaceae; g__OPU3-GD-OMZ; s__OPU3-GD-OMZ sp001901525	34094.43225615197	104	2.5e-122	1.0	0.0002	0.0001,0.0001,0.0	PmoA
SI072_135m_MetaT_QC_Filtered	k147_115513_6	XmoA	6	253	r__Root; d__Bacteria; p__Proteobacteria; c__Betaproteobacteria; o__Nitrosomonadales; f__Nitrosomonadaceae; g__Nitrosospira	4373.387780557533	16	9.6e-109	1.0	0.0994	0.0472,0.0522,0.0	AmoA_AOB
SI072_135m_MetaT_QC_Filtered	k147_15305_2	XmoA	1	247	r__Root; d__Bacteria; p__Proteobacteria; c__Gammaproteobacteria; o__Methylococcales; f__Methylococcaceae; g__OPU3-GD-OMZ; s__OPU3-GD-OMZ sp001901525	41980.893537994445	104	4e-122	1.0	0.004	0.0001,0.004,0.0	PmoA
SI072_135m_MetaT_QC_Filtered	k147_314425_5	XmoA	1	181	r__Root; d__Bacteria; p__Proteobacteria; c__Gammaproteobacteria; o__Methylococcales; f__Methylococcaceae; g__OPU3-GD-OMZ; s__OPU3-GD-OMZ sp001901525	23260.5119680056	104	6.4e-87	1.0	0.0144	0.0045,0.0099,0.0	PmoA
SI072_135m_MetaT_QC_Filtered	k147_348694_2	XmoA	1	106	r__Root; d__Bacteria; p__Proteobacteria; c__Betaproteobacteria; o__Nitrosomonadales; f__Nitrosomonadaceae; g__Nitrosospira	2349.9280295129543	16	8.2e-44	0.6796383563	0.0969	0.0464,0.0505,0.0	AmoA_AOB
SI072_135m_MetaT_QC_Filtered	k147_174999_2	XmoA	1	210	r__Root; d__Bacteria; p__Proteobacteria; c__Betaproteobacteria; o__Nitrosomonadales; f__Nitrosomonadaceae	3676.4518980247367	17	2.1e-98	0.8422861991	0.1144	0.0286,0.0317,0.0541	AmoA_AOB
SI072_135m_MetaT_QC_Filtered	k147_63191_1	XmoA	1	88	r__Root; d__Bacteria; p__Proteobacteria; c__Gammaproteobacteria; o__Methylococcales; f__Methylococcaceae; g__Methyloprofundus; s__Methyloprofundus sp.	115.76000145384012	117	4.9e-45	0.341094466	0.0772	0.0465,0.0307,0.0	PmoA
SI072_135m_MetaT_QC_Filtered	k147_240226_3	XmoA	1	210	r__Root; d__Bacteria; p__Proteobacteria; c__Betaproteobacteria; o__Nitrosomonadales; f__Nitrosomonadaceae	3406.345227965776	17	2.1e-98	0.8422861991	0.1144	0.0286,0.0317,0.0541	AmoA_AOB
SI072_135m_MetaT_QC_Filtered	k147_475652_2	XmoA	1	76	r__Root; d__Bacteria; p__Proteobacteria; c__Gammaproteobacteria; o__Methylococcales; f__Methylococcaceae; g__OPU3-GD-OMZ; s__OPU3-GD-OMZ sp001901525	21433.139663120095	104	2.3e-36	1.0	0.0002	0.0001,0.0001,0.0	PmoA
SI072_135m_MetaT_QC_Filtered	k147_663727_2	XmoA	1	76	r__Root; d__Bacteria; p__Proteobacteria; c__Gammaproteobacteria; o__Methylococcales; f__Methylococcaceae; g__OPU3-GD-OMZ; s__OPU3-GD-OMZ sp001901525	20110.669343480768	104	4.1e-37	1.0	0.0002	0.0001,0.0001,0.0	PmoA
SI072_135m_MetaT_QC_Filtered	k147_77634_1	XmoA	1	199	r__Root; d__Bacteria; p__Proteobacteria; c__Gammaproteobacteria; o__Methylococcales; f__Methylococcaceae; g__Methyloprofundus; s__Methyloprofundus sp.	282.32254960936547	117	5.4e-107	1.0	0.0523	0.0189,0.0334,0.0	PmoA
SI072_150m_MetaT_QC_Filtered	k147_73233_2	XmoA	1	63	r__Root; d__Bacteria; p__Proteobacteria; c__Betaproteobacteria; o__Nitrosomonadales; f__Nitrosomonadaceae; g__Nitrosospira; s__Nitrosospira multiformis	0.0	16	3.4e-27	0.5583269028	0.0705	0.0308,0.0397,0.0	AmoA_AOB
SI072_150m_MetaT_QC_Filtered	k147_299367_1	XmoA	6	253	r__Root; d__Bacteria; p__Proteobacteria; c__Betaproteobacteria; o__Nitrosomonadales; f__Nitrosomonadaceae; g__Nitrosospira	327.54695881455405	16	9.6e-109	1.0	0.0994	0.0472,0.0522,0.0	AmoA_AOB
SI072_150m_MetaT_QC_Filtered	k147_218723_3	XmoA	1	247	r__Root; d__Bacteria; p__Proteobacteria; c__Gammaproteobacteria; o__Methylococcales; f__Methylococcaceae; g__OPU3-GD-OMZ; s__OPU3-GD-OMZ sp001901525	57944.82479254627	104	4e-122	1.0	0.004	0.0001,0.004,0.0	PmoA
SI072_150m_MetaT_QC_Filtered	k147_38346_11	XmoA	1	247	r__Root; d__Bacteria; p__Proteobacteria; c__Gammaproteobacteria; o__Methylococcales; f__Methylococcaceae; g__OPU3-GD-OMZ; s__OPU3-GD-OMZ sp001901525	57522.69153762242	104	4e-122	1.0	0.004	0.0001,0.004,0.0	PmoA
SI072_150m_MetaT_QC_Filtered	k147_277768_4	XmoA	1	247	r__Root; d__Bacteria; p__Proteobacteria; c__Gammaproteobacteria; o__Methylococcales; f__Methylococcaceae; g__Methyloprofundus; s__Methyloprofundus sp.	963.1392344342415	117	4.3e-125	1.0	0.0454	0.0144,0.0309,0.0	PmoA
SI072_150m_MetaT_QC_Filtered	k147_222487_2	XmoA	5	131	r__Root; d__Bacteria; p__Proteobacteria; c__Gammaproteobacteria; o__Methylococcales	0.0	29	6.4e-51	0.8073166339	0.1051	0.0296,0.0409,0.0346	PxmA
SI072_150m_MetaT_QC_Filtered	k147_454285_2	XmoA	1	247	r__Root; d__Bacteria; p__Proteobacteria; c__Gammaproteobacteria; o__Methylococcales; f__Methylococcaceae; g__OPU3-GD-OMZ; s__OPU3-GD-OMZ sp001901525	36036.108861998786	104	1.1e-122	1.0	0.0121	0.0043,0.0078,0.0	PmoA
SI072_150m_MetaT_QC_Filtered	k147_372277_2	XmoA	1	159	r__Root; d__Bacteria; p__Proteobacteria; c__Gammaproteobacteria; o__Methylococcales; f__Methylococcaceae; g__Methyloprofundus; s__Methyloprofundus sp.	504.7899551542147	117	1.4e-76	1.0	0.0389	0.0037,0.0352,0.0	PmoA
SI072_150m_MetaT_QC_Filtered	k147_519870_3	XmoA	6	253	r__Root; d__Bacteria; p__Proteobacteria; c__Betaproteobacteria; o__Nitrosomonadales; f__Nitrosomonadaceae; g__Nitrosospira	466.1245183130191	16	9.6e-109	1.0	0.0994	0.0472,0.0522,0.0	AmoA_AOB
SI072_150m_MetaT_QC_Filtered	k147_449783_3	XmoA	1	247	r__Root; d__Bacteria; p__Proteobacteria; c__Gammaproteobacteria; o__Methylococcales; f__Methylococcaceae; g__OPU3-GD-OMZ; s__OPU3-GD-OMZ sp001901525	41340.916765541755	104	2.5e-122	1.0	0.0002	0.0001,0.0001,0.0	PmoA
SI072_150m_MetaT_QC_Filtered	k147_115513_6	XmoA	6	253	r__Root; d__Bacteria; p__Proteobacteria; c__Betaproteobacteria; o__Nitrosomonadales; f__Nitrosomonadaceae; g__Nitrosospira	491.32043822183107	16	9.6e-109	1.0	0.0994	0.0472,0.0522,0.0	AmoA_AOB
SI072_150m_MetaT_QC_Filtered	k147_15305_2	XmoA	1	247	r__Root; d__Bacteria; p__Proteobacteria; c__Gammaproteobacteria; o__Methylococcales; f__Methylococcaceae; g__OPU3-GD-OMZ; s__OPU3-GD-OMZ sp001901525	53174.71901190683	104	4e-122	1.0	0.004	0.0001,0.004,0.0	PmoA
SI072_150m_MetaT_QC_Filtered	k147_314425_5	XmoA	1	181	r__Root; d__Bacteria; p__Proteobacteria; c__Gammaproteobacteria; o__Methylococcales; f__Methylococcaceae; g__OPU3-GD-OMZ; s__OPU3-GD-OMZ sp001901525	21149.886703786593	104	6.4e-87	1.0	0.0144	0.0045,0.0099,0.0	PmoA
SI072_150m_MetaT_QC_Filtered	k147_348694_2	XmoA	1	106	r__Root; d__Bacteria; p__Proteobacteria; c__Betaproteobacteria; o__Nitrosomonadales; f__Nitrosomonadaceae; g__Nitrosospira	0.0	16	8.2e-44	0.6796383563	0.0969	0.0464,0.0505,0.0	AmoA_AOB
SI072_150m_MetaT_QC_Filtered	k147_174999_2	XmoA	1	210	r__Root; d__Bacteria; p__Proteobacteria; c__Betaproteobacteria; o__Nitrosomonadales; f__Nitrosomonadaceae	566.6928482054562	17	2.1e-98	0.8422861991	0.1144	0.0286,0.0317,0.0541	AmoA_AOB
SI072_150m_MetaT_QC_Filtered	k147_63191_1	XmoA	1	88	r__Root; d__Bacteria; p__Proteobacteria; c__Gammaproteobacteria; o__Methylococcales; f__Methylococcaceae; g__Methyloprofundus; s__Methyloprofundus sp.	306.7810907578409	117	4.9e-45	0.341094466	0.0772	0.0465,0.0307,0.0	PmoA
SI072_150m_MetaT_QC_Filtered	k147_240226_3	XmoA	1	210	r__Root; d__Bacteria; p__Proteobacteria; c__Betaproteobacteria; o__Nitrosomonadales; f__Nitrosomonadaceae	626.3447269639253	17	2.1e-98	0.8422861991	0.1144	0.0286,0.0317,0.0541	AmoA_AOB
SI072_150m_MetaT_QC_Filtered	k147_475652_2	XmoA	1	76	r__Root; d__Bacteria; p__Proteobacteria; c__Gammaproteobacteria; o__Methylococcales; f__Methylococcaceae; g__OPU3-GD-OMZ; s__OPU3-GD-OMZ sp001901525	36255.94708956302	104	2.3e-36	1.0	0.0002	0.0001,0.0001,0.0	PmoA
SI072_150m_MetaT_QC_Filtered	k147_663727_2	XmoA	1	76	r__Root; d__Bacteria; p__Proteobacteria; c__Gammaproteobacteria; o__Methylococcales; f__Methylococcaceae; g__OPU3-GD-OMZ; s__OPU3-GD-OMZ sp001901525	20620.56990718897	104	4.1e-37	1.0	0.0002	0.0001,0.0001,0.0	PmoA
SI072_150m_MetaT_QC_Filtered	k147_77634_1	XmoA	1	199	r__Root; d__Bacteria; p__Proteobacteria; c__Gammaproteobacteria; o__Methylococcales; f__Methylococcaceae; g__Methyloprofundus; s__Methyloprofundus sp.	438.3963451470404	117	5.4e-107	1.0	0.0523	0.0189,0.0334,0.0	PmoA
SI072_165m_MetaT_QC_Filtered	k147_73233_2	XmoA	1	63	r__Root; d__Bacteria; p__Proteobacteria; c__Betaproteobacteria; o__Nitrosomonadales; f__Nitrosomonadaceae; g__Nitrosospira; s__Nitrosospira multiformis	0.0	16	3.4e-27	0.5583269028	0.0705	0.0308,0.0397,0.0	AmoA_AOB
SI072_165m_MetaT_QC_Filtered	k147_299367_1	XmoA	6	253	r__Root; d__Bacteria; p__Proteobacteria; c__Betaproteobacteria; o__Nitrosomonadales; f__Nitrosomonadaceae; g__Nitrosospira	1808.973924231315	16	9.6e-109	1.0	0.0994	0.0472,0.0522,0.0	AmoA_AOB
SI072_165m_MetaT_QC_Filtered	k147_218723_3	XmoA	1	247	r__Root; d__Bacteria; p__Proteobacteria; c__Gammaproteobacteria; o__Methylococcales; f__Methylococcaceae; g__OPU3-GD-OMZ; s__OPU3-GD-OMZ sp001901525	34492.94375169521	104	4e-122	1.0	0.004	0.0001,0.004,0.0	PmoA
SI072_165m_MetaT_QC_Filtered	k147_38346_11	XmoA	1	247	r__Root; d__Bacteria; p__Proteobacteria; c__Gammaproteobacteria; o__Methylococcales; f__Methylococcaceae; g__OPU3-GD-OMZ; s__OPU3-GD-OMZ sp001901525	33482.69016900957	104	4e-122	1.0	0.004	0.0001,0.004,0.0	PmoA
SI072_165m_MetaT_QC_Filtered	k147_277768_4	XmoA	1	247	r__Root; d__Bacteria; p__Proteobacteria; c__Gammaproteobacteria; o__Methylococcales; f__Methylococcaceae; g__Methyloprofundus; s__Methyloprofundus sp.	17466.418512992303	117	4.3e-125	1.0	0.0454	0.0144,0.0309,0.0	PmoA
SI072_165m_MetaT_QC_Filtered	k147_222487_2	XmoA	5	131	r__Root; d__Bacteria; p__Proteobacteria; c__Gammaproteobacteria; o__Methylococcales	0.0	29	6.4e-51	0.8073166339	0.1051	0.0296,0.0409,0.0346	PxmA
SI072_165m_MetaT_QC_Filtered	k147_454285_2	XmoA	1	247	r__Root; d__Bacteria; p__Proteobacteria; c__Gammaproteobacteria; o__Methylococcales; f__Methylococcaceae; g__OPU3-GD-OMZ; s__OPU3-GD-OMZ sp001901525	11473.594260501126	104	1.1e-122	1.0	0.0121	0.0043,0.0078,0.0	PmoA
SI072_165m_MetaT_QC_Filtered	k147_372277_2	XmoA	1	159	r__Root; d__Bacteria; p__Proteobacteria; c__Gammaproteobacteria; o__Methylococcales; f__Methylococcaceae; g__Methyloprofundus; s__Methyloprofundus sp.	11930.61373838272	117	1.4e-76	1.0	0.0389	0.0037,0.0352,0.0	PmoA
SI072_165m_MetaT_QC_Filtered	k147_519870_3	XmoA	6	253	r__Root; d__Bacteria; p__Proteobacteria; c__Betaproteobacteria; o__Nitrosomonadales; f__Nitrosomonadaceae; g__Nitrosospira	0.0	16	9.6e-109	1.0	0.0994	0.0472,0.0522,0.0	AmoA_AOB
SI072_165m_MetaT_QC_Filtered	k147_449783_3	XmoA	1	247	r__Root; d__Bacteria; p__Proteobacteria; c__Gammaproteobacteria; o__Methylococcales; f__Methylococcaceae; g__OPU3-GD-OMZ; s__OPU3-GD-OMZ sp001901525	24534.72986522253	104	2.5e-122	1.0	0.0002	0.0001,0.0001,0.0	PmoA
SI072_165m_MetaT_QC_Filtered	k147_115513_6	XmoA	6	253	r__Root; d__Bacteria; p__Proteobacteria; c__Betaproteobacteria; o__Nitrosomonadales; f__Nitrosomonadaceae; g__Nitrosospira	0.0	16	9.6e-109	1.0	0.0994	0.0472,0.0522,0.0	AmoA_AOB
SI072_165m_MetaT_QC_Filtered	k147_15305_2	XmoA	1	247	r__Root; d__Bacteria; p__Proteobacteria; c__Gammaproteobacteria; o__Methylococcales; f__Methylococcaceae; g__OPU3-GD-OMZ; s__OPU3-GD-OMZ sp001901525	30668.412331528165	104	4e-122	1.0	0.004	0.0001,0.004,0.0	PmoA
SI072_165m_MetaT_QC_Filtered	k147_314425_5	XmoA	1	181	r__Root; d__Bacteria; p__Proteobacteria; c__Gammaproteobacteria; o__Methylococcales; f__Methylococcaceae; g__OPU3-GD-OMZ; s__OPU3-GD-OMZ sp001901525	8107.544142657871	104	6.4e-87	1.0	0.0144	0.0045,0.0099,0.0	PmoA
SI072_165m_MetaT_QC_Filtered	k147_348694_2	XmoA	1	106	r__Root; d__Bacteria; p__Proteobacteria; c__Betaproteobacteria; o__Nitrosomonadales; f__Nitrosomonadaceae; g__Nitrosospira	1101.2874220045587	16	8.2e-44	0.6796383563	0.0969	0.0464,0.0505,0.0	AmoA_AOB
SI072_165m_MetaT_QC_Filtered	k147_174999_2	XmoA	1	210	r__Root; d__Bacteria; p__Proteobacteria; c__Betaproteobacteria; o__Nitrosomonadales; f__Nitrosomonadaceae	0.0	17	2.1e-98	0.8422861991	0.1144	0.0286,0.0317,0.0541	AmoA_AOB
SI072_165m_MetaT_QC_Filtered	k147_63191_1	XmoA	1	88	r__Root; d__Bacteria; p__Proteobacteria; c__Gammaproteobacteria; o__Methylococcales; f__Methylococcaceae; g__Methyloprofundus; s__Methyloprofundus sp.	2556.560086796297	117	4.9e-45	0.341094466	0.0772	0.0465,0.0307,0.0	PmoA
SI072_165m_MetaT_QC_Filtered	k147_240226_3	XmoA	1	210	r__Root; d__Bacteria; p__Proteobacteria; c__Betaproteobacteria; o__Nitrosomonadales; f__Nitrosomonadaceae	1223.6526911161766	17	2.1e-98	0.8422861991	0.1144	0.0286,0.0317,0.0541	AmoA_AOB
SI072_165m_MetaT_QC_Filtered	k147_475652_2	XmoA	1	76	r__Root; d__Bacteria; p__Proteobacteria; c__Gammaproteobacteria; o__Methylococcales; f__Methylococcaceae; g__OPU3-GD-OMZ; s__OPU3-GD-OMZ sp001901525	14409.702307397312	104	2.3e-36	1.0	0.0002	0.0001,0.0001,0.0	PmoA
SI072_165m_MetaT_QC_Filtered	k147_663727_2	XmoA	1	76	r__Root; d__Bacteria; p__Proteobacteria; c__Gammaproteobacteria; o__Methylococcales; f__Methylococcaceae; g__OPU3-GD-OMZ; s__OPU3-GD-OMZ sp001901525	6275.192940318185	104	4.1e-37	1.0	0.0002	0.0001,0.0001,0.0	PmoA
SI072_165m_MetaT_QC_Filtered	k147_77634_1	XmoA	1	199	r__Root; d__Bacteria; p__Proteobacteria; c__Gammaproteobacteria; o__Methylococcales; f__Methylococcaceae; g__Methyloprofundus; s__Methyloprofundus sp.	8633.20793129202	117	5.4e-107	1.0	0.0523	0.0189,0.0334,0.0	PmoA
SI072_200m_MetaT_QC_Filtered	k147_73233_2	XmoA	1	63	r__Root; d__Bacteria; p__Proteobacteria; c__Betaproteobacteria; o__Nitrosomonadales; f__Nitrosomonadaceae; g__Nitrosospira; s__Nitrosospira multiformis	0.0	16	3.4e-27	0.5583269028	0.0705	0.0308,0.0397,0.0	AmoA_AOB
SI072_200m_MetaT_QC_Filtered	k147_299367_1	XmoA	6	253	r__Root; d__Bacteria; p__Proteobacteria; c__Betaproteobacteria; o__Nitrosomonadales; f__Nitrosomonadaceae; g__Nitrosospira	0.0	16	9.6e-109	1.0	0.0994	0.0472,0.0522,0.0	AmoA_AOB
SI072_200m_MetaT_QC_Filtered	k147_218723_3	XmoA	1	247	r__Root; d__Bacteria; p__Proteobacteria; c__Gammaproteobacteria; o__Methylococcales; f__Methylococcaceae; g__OPU3-GD-OMZ; s__OPU3-GD-OMZ sp001901525	22296.62479418546	104	4e-122	1.0	0.004	0.0001,0.004,0.0	PmoA
SI072_200m_MetaT_QC_Filtered	k147_38346_11	XmoA	1	247	r__Root; d__Bacteria; p__Proteobacteria; c__Gammaproteobacteria; o__Methylococcales; f__Methylococcaceae; g__OPU3-GD-OMZ; s__OPU3-GD-OMZ sp001901525	22296.62479418546	104	4e-122	1.0	0.004	0.0001,0.004,0.0	PmoA
SI072_200m_MetaT_QC_Filtered	k147_277768_4	XmoA	1	247	r__Root; d__Bacteria; p__Proteobacteria; c__Gammaproteobacteria; o__Methylococcales; f__Methylococcaceae; g__Methyloprofundus; s__Methyloprofundus sp.	27145.127203975604	117	4.3e-125	1.0	0.0454	0.0144,0.0309,0.0	PmoA
SI072_200m_MetaT_QC_Filtered	k147_222487_2	XmoA	5	131	r__Root; d__Bacteria; p__Proteobacteria; c__Gammaproteobacteria; o__Methylococcales	0.0	29	6.4e-51	0.8073166339	0.1051	0.0296,0.0409,0.0346	PxmA
SI072_200m_MetaT_QC_Filtered	k147_454285_2	XmoA	1	247	r__Root; d__Bacteria; p__Proteobacteria; c__Gammaproteobacteria; o__Methylococcales; f__Methylococcaceae; g__OPU3-GD-OMZ; s__OPU3-GD-OMZ sp001901525	11148.31239709273	104	1.1e-122	1.0	0.0121	0.0043,0.0078,0.0	PmoA
SI072_200m_MetaT_QC_Filtered	k147_372277_2	XmoA	1	159	r__Root; d__Bacteria; p__Proteobacteria; c__Gammaproteobacteria; o__Methylococcales; f__Methylococcaceae; g__Methyloprofundus; s__Methyloprofundus sp.	9484.670581403077	117	1.4e-76	1.0	0.0389	0.0037,0.0352,0.0	PmoA
SI072_200m_MetaT_QC_Filtered	k147_519870_3	XmoA	6	253	r__Root; d__Bacteria; p__Proteobacteria; c__Betaproteobacteria; o__Nitrosomonadales; f__Nitrosomonadaceae; g__Nitrosospira	7259.025860135208	16	9.6e-109	1.0	0.0994	0.0472,0.0522,0.0	AmoA_AOB
SI072_200m_MetaT_QC_Filtered	k147_449783_3	XmoA	1	247	r__Root; d__Bacteria; p__Proteobacteria; c__Gammaproteobacteria; o__Methylococcales; f__Methylococcaceae; g__OPU3-GD-OMZ; s__OPU3-GD-OMZ sp001901525	8107.863561521985	104	2.5e-122	1.0	0.0002	0.0001,0.0001,0.0	PmoA
SI072_200m_MetaT_QC_Filtered	k147_115513_6	XmoA	6	253	r__Root; d__Bacteria; p__Proteobacteria; c__Betaproteobacteria; o__Nitrosomonadales; f__Nitrosomonadaceae; g__Nitrosospira	0.0	16	9.6e-109	1.0	0.0994	0.0472,0.0522,0.0	AmoA_AOB
SI072_200m_MetaT_QC_Filtered	k147_15305_2	XmoA	1	247	r__Root; d__Bacteria; p__Proteobacteria; c__Gammaproteobacteria; o__Methylococcales; f__Methylococcaceae; g__OPU3-GD-OMZ; s__OPU3-GD-OMZ sp001901525	16215.72712304397	104	4e-122	1.0	0.004	0.0001,0.004,0.0	PmoA
SI072_200m_MetaT_QC_Filtered	k147_314425_5	XmoA	1	181	r__Root; d__Bacteria; p__Proteobacteria; c__Gammaproteobacteria; o__Methylococcales; f__Methylococcaceae; g__OPU3-GD-OMZ; s__OPU3-GD-OMZ sp001901525	11109.116924074322	104	6.4e-87	1.0	0.0144	0.0045,0.0099,0.0	PmoA
SI072_200m_MetaT_QC_Filtered	k147_348694_2	XmoA	1	106	r__Root; d__Bacteria; p__Proteobacteria; c__Betaproteobacteria; o__Nitrosomonadales; f__Nitrosomonadaceae; g__Nitrosospira	0.0	16	8.2e-44	0.6796383563	0.0969	0.0464,0.0505,0.0	AmoA_AOB
SI072_200m_MetaT_QC_Filtered	k147_174999_2	XmoA	1	210	r__Root; d__Bacteria; p__Proteobacteria; c__Betaproteobacteria; o__Nitrosomonadales; f__Nitrosomonadaceae	0.0	17	2.1e-98	0.8422861991	0.1144	0.0286,0.0317,0.0541	AmoA_AOB
SI072_200m_MetaT_QC_Filtered	k147_63191_1	XmoA	1	88	r__Root; d__Bacteria; p__Proteobacteria; c__Gammaproteobacteria; o__Methylococcales; f__Methylococcaceae; g__Methyloprofundus; s__Methyloprofundus sp.	8286.05836507192	117	4.9e-45	0.341094466	0.0772	0.0465,0.0307,0.0	PmoA
SI072_200m_MetaT_QC_Filtered	k147_240226_3	XmoA	1	210	r__Root; d__Bacteria; p__Proteobacteria; c__Betaproteobacteria; o__Nitrosomonadales; f__Nitrosomonadaceae	4296.474707815069	17	2.1e-98	0.8422861991	0.1144	0.0286,0.0317,0.0541	AmoA_AOB
SI072_200m_MetaT_QC_Filtered	k147_475652_2	XmoA	1	76	r__Root; d__Bacteria; p__Proteobacteria; c__Gammaproteobacteria; o__Methylococcales; f__Methylococcaceae; g__OPU3-GD-OMZ; s__OPU3-GD-OMZ sp001901525	16321.024052414385	104	2.3e-36	1.0	0.0002	0.0001,0.0001,0.0	PmoA
SI072_200m_MetaT_QC_Filtered	k147_663727_2	XmoA	1	76	r__Root; d__Bacteria; p__Proteobacteria; c__Gammaproteobacteria; o__Methylococcales; f__Methylococcaceae; g__OPU3-GD-OMZ; s__OPU3-GD-OMZ sp001901525	0.0	104	4.1e-37	1.0	0.0002	0.0001,0.0001,0.0	PmoA
SI072_200m_MetaT_QC_Filtered	k147_77634_1	XmoA	1	199	r__Root; d__Bacteria; p__Proteobacteria; c__Gammaproteobacteria; o__Methylococcales; f__Methylococcaceae; g__Methyloprofundus; s__Methyloprofundus sp.	15156.408265759692	117	5.4e-107	1.0	0.0523	0.0189,0.0334,0.0	PmoA
